char_length,word_count,textblob_sentiment,vader_sentiment,vader_pos,vader_neg,vader_neu,hour_of_day,day_of_week,month,is_weekend,time_of_day,avg_sentence_length,pronoun_percentage,first_person_singular_percentage,negation_word_count,positive_word_count,negative_word_count,positive_word_percentage,negative_word_percentage,emotional_tone_ratio,label
87,12,-0.19999999999999998,-0.6864,0.212,0.492,0.296,22,4,9,0,3,12.0,0.0,0.0,1,0,1,0.0,8.333333333333332,0.0,1
83,10,-0.19999999999999998,-0.8988,0.084,0.707,0.209,0,3,3,0,3,10.0,0.0,0.0,0,0,1,0.0,10.0,0.0,1
94,14,-0.25,0.0,0.0,0.0,1.0,1,3,4,0,3,14.0,0.0,0.0,0,0,0,0.0,0.0,1.0,1
86,14,0.07272727272727272,0.743,0.411,0.106,0.483,16,6,6,1,1,14.0,0.0,0.0,0,1,0,7.142857142857142,0.0,1000.0,0
51,9,0.3499999999999999,-0.7615,0.165,0.487,0.348,7,0,1,0,0,9.0,0.0,0.0,1,0,2,0.0,22.22222222222222,0.0,1
78,12,0.5,0.3182,0.313,0.184,0.503,17,3,2,0,2,12.0,0.0,0.0,0,0,0,0.0,0.0,1.0,0
78,12,-0.1,0.128,0.201,0.17,0.629,12,1,8,0,1,12.0,0.0,0.0,0,0,0,0.0,0.0,1.0,0
73,12,0.1,-0.4612,0.155,0.386,0.459,9,3,10,0,0,12.0,0.0,0.0,0,0,2,0.0,16.666666666666664,0.0,1
96,14,0.0409090909090909,-0.128,0.176,0.254,0.57,6,5,8,1,0,14.0,0.0,0.0,0,0,0,0.0,0.0,1.0,0
96,14,0.125,0.4404,0.182,0.0,0.818,10,1,9,0,0,14.0,0.0,0.0,0,0,0,0.0,0.0,1.0,1
70,12,0.0,-0.4404,0.0,0.281,0.719,4,2,6,0,3,12.0,0.0,0.0,0,0,1,0.0,8.333333333333332,0.0,1
48,8,-0.3458333333333333,0.2514,0.245,0.143,0.612,19,6,11,1,2,8.0,0.0,0.0,0,0,1,0.0,12.5,0.0,0
50,8,0.0,0.5574,0.449,0.184,0.368,11,1,5,0,0,8.0,0.0,0.0,0,1,0,12.5,0.0,1000.0,0
73,12,0.1,-0.4612,0.155,0.386,0.459,13,2,5,0,1,12.0,0.0,0.0,0,0,2,0.0,16.666666666666664,0.0,1
64,9,0.0,0.5574,0.418,0.171,0.411,12,6,3,1,1,9.0,0.0,0.0,0,1,0,11.11111111111111,0.0,1000.0,0
52,8,-0.3,0.4215,0.286,0.0,0.714,9,4,12,0,0,8.0,0.0,0.0,0,0,0,0.0,0.0,1.0,0
74,11,0.0,0.0,0.0,0.0,1.0,10,5,8,1,0,11.0,0.0,0.0,0,0,0,0.0,0.0,1.0,0
58,9,0.0,0.0,0.0,0.0,1.0,19,1,1,0,2,9.0,0.0,0.0,0,0,0,0.0,0.0,1.0,1
87,11,0.5,0.5574,0.412,0.0,0.588,23,0,10,0,3,11.0,0.0,0.0,0,0,1,0.0,9.090909090909092,0.0,0
62,11,-0.15454545454545457,-0.296,0.164,0.243,0.592,16,1,6,0,1,11.0,0.0,0.0,0,0,1,0.0,9.090909090909092,0.0,1
50,8,0.0,0.0,0.0,0.0,1.0,1,4,1,0,3,8.0,0.0,0.0,0,0,0,0.0,0.0,1.0,0
83,14,0.2857142857142857,0.3612,0.161,0.0,0.839,7,1,2,0,0,14.0,0.0,0.0,0,0,0,0.0,0.0,1.0,1
103,16,-0.2916666666666667,-0.5719,0.0,0.305,0.695,6,2,12,0,0,16.0,0.0,0.0,0,0,1,0.0,6.25,0.0,0
82,10,0.5,0.8402,0.688,0.0,0.312,0,3,3,0,3,10.0,0.0,0.0,0,0,1,0.0,10.0,0.0,0
75,10,0.0,-0.2732,0.186,0.331,0.483,12,5,2,1,1,10.0,0.0,0.0,0,0,1,0.0,10.0,0.0,0
58,10,-0.4,0.3412,0.211,0.0,0.789,12,0,4,0,1,10.0,0.0,0.0,0,0,1,0.0,10.0,0.0,1
56,9,-0.14090909090909096,-0.5994,0.228,0.428,0.345,7,1,5,0,0,9.0,0.0,0.0,0,0,2,0.0,22.22222222222222,0.0,1
55,11,0.5,0.9042,0.688,0.0,0.312,12,4,8,0,1,11.0,0.0,0.0,0,1,0,9.090909090909092,0.0,1000.0,1
99,15,-0.15,0.0516,0.2,0.133,0.667,0,3,12,0,3,15.0,0.0,0.0,0,0,0,0.0,0.0,1.0,0
53,9,0.0,0.7783,0.554,0.149,0.298,20,2,6,0,2,9.0,0.0,0.0,0,1,0,11.11111111111111,0.0,1000.0,0
46,9,0.1,0.4939,0.471,0.167,0.362,18,2,3,0,2,9.0,0.0,0.0,0,0,1,0.0,11.11111111111111,0.0,1
63,10,0.5,0.0062,0.253,0.169,0.578,6,4,12,0,0,10.0,0.0,0.0,0,0,1,0.0,10.0,0.0,0
101,16,-0.2916666666666667,-0.5719,0.0,0.305,0.695,11,0,1,0,0,16.0,0.0,0.0,0,0,1,0.0,6.25,0.0,0
43,7,-0.3,0.4215,0.318,0.0,0.682,2,2,11,0,3,7.0,0.0,0.0,0,0,0,0.0,0.0,1.0,0
80,13,0.35,0.8313,0.468,0.0,0.532,15,2,8,0,1,13.0,0.0,0.0,0,0,0,0.0,0.0,1.0,0
89,13,0.35,0.7264,0.415,0.0,0.585,21,5,11,1,2,13.0,0.0,0.0,0,0,0,0.0,0.0,1.0,0
90,15,-0.27083333333333337,-0.5719,0.0,0.322,0.678,0,1,11,0,3,15.0,0.0,0.0,0,0,1,0.0,6.666666666666667,0.0,0
61,10,0.0,0.7579,0.514,0.143,0.343,15,0,3,0,1,10.0,0.0,0.0,0,1,0,10.0,0.0,1000.0,0
99,15,0.35,0.6801,0.301,0.0,0.699,7,6,9,1,0,15.0,0.0,0.0,0,0,0,0.0,0.0,1.0,0
90,15,-0.27083333333333337,-0.5719,0.0,0.322,0.678,13,5,6,1,1,15.0,0.0,0.0,0,0,1,0.0,6.666666666666667,0.0,0
69,11,-0.03636363636363636,0.6249,0.362,0.0,0.638,20,2,8,0,2,11.0,0.0,0.0,0,1,0,9.090909090909092,0.0,1000.0,0
61,10,-0.25,0.5574,0.391,0.16,0.449,22,6,5,1,3,10.0,0.0,0.0,0,1,0,10.0,0.0,1000.0,0
74,12,0.1,-0.0642,0.285,0.35,0.365,12,4,3,0,1,12.0,0.0,0.0,0,0,2,0.0,16.666666666666664,0.0,1
60,9,0.10416666666666666,0.2951,0.313,0.0,0.687,3,5,11,1,3,9.0,0.0,0.0,0,0,0,0.0,0.0,1.0,1
67,11,0.0,-0.1531,0.0,0.138,0.862,3,2,7,0,3,11.0,0.0,0.0,0,0,0,0.0,0.0,1.0,1
103,16,-0.2916666666666667,-0.5719,0.0,0.305,0.695,20,0,6,0,2,16.0,0.0,0.0,0,0,1,0.0,6.25,0.0,0
82,11,-0.1,-0.8625,0.229,0.631,0.14,10,4,1,0,0,11.0,0.0,0.0,0,0,2,0.0,18.181818181818183,0.0,1
32,6,0.0,0.6369,0.565,0.0,0.435,17,4,1,0,2,6.0,0.0,0.0,0,0,0,0.0,0.0,1.0,0
52,7,-0.4,-0.3612,0.0,0.294,0.706,2,4,8,0,3,7.0,0.0,0.0,0,0,0,0.0,0.0,1.0,1
62,9,0.0,0.128,0.158,0.0,0.842,14,0,12,0,1,9.0,0.0,0.0,0,0,0,0.0,0.0,1.0,0
57,9,-0.3,0.4215,0.259,0.0,0.741,15,4,8,0,1,9.0,0.0,0.0,0,0,0,0.0,0.0,1.0,1
76,13,-0.10757575757575759,0.6249,0.317,0.0,0.683,1,0,12,0,3,13.0,0.0,0.0,0,1,0,7.6923076923076925,0.0,1000.0,0
71,11,0.5,0.0,0.196,0.196,0.608,15,2,8,0,1,11.0,0.0,0.0,0,0,0,0.0,0.0,1.0,1
75,11,0.19999999999999998,-0.0516,0.352,0.307,0.341,19,2,11,0,2,11.0,0.0,0.0,0,0,1,0.0,9.090909090909092,0.0,1
72,11,0.5,-0.1027,0.191,0.217,0.592,20,2,7,0,2,11.0,0.0,0.0,0,0,0,0.0,0.0,1.0,0
60,12,0.1,0.25,0.358,0.244,0.398,2,0,3,0,3,12.0,0.0,0.0,0,0,1,0.0,8.333333333333332,0.0,1
69,9,0.0,-0.5859,0.0,0.407,0.593,22,2,12,0,3,9.0,0.0,0.0,0,0,1,0.0,11.11111111111111,0.0,0
58,10,-0.4,0.3412,0.211,0.0,0.789,9,6,6,1,0,10.0,0.0,0.0,0,0,1,0.0,10.0,0.0,1
32,6,0.0,0.6369,0.565,0.0,0.435,15,2,1,0,1,6.0,0.0,0.0,0,0,0,0.0,0.0,1.0,1
90,15,-0.27083333333333337,-0.5719,0.0,0.322,0.678,23,5,12,1,3,15.0,0.0,0.0,0,0,1,0.0,6.666666666666667,0.0,0
97,14,-0.1,-0.4019,0.0,0.172,0.828,8,5,5,1,0,14.0,0.0,0.0,0,0,0,0.0,0.0,1.0,0
103,16,-0.25,0.3612,0.143,0.0,0.857,11,6,12,1,0,16.0,0.0,0.0,0,0,0,0.0,0.0,1.0,1
46,8,0.15,0.0,0.0,0.0,1.0,18,1,12,0,2,8.0,0.0,0.0,0,0,0,0.0,0.0,1.0,1
50,10,0.2,0.802,0.539,0.0,0.461,0,6,10,1,3,10.0,0.0,0.0,0,1,0,10.0,0.0,1000.0,1
71,11,0.18181818181818182,0.296,0.233,0.151,0.616,8,5,9,1,0,11.0,0.0,0.0,0,0,0,0.0,0.0,1.0,0
83,13,-0.15,0.4404,0.356,0.136,0.508,15,2,4,0,1,13.0,0.0,0.0,0,0,0,0.0,0.0,1.0,0
63,11,0.0,-0.0258,0.124,0.132,0.744,15,4,8,0,1,11.0,0.0,0.0,0,0,0,0.0,0.0,1.0,1
75,12,0.5,-0.3182,0.17,0.304,0.526,20,3,8,0,2,12.0,0.0,0.0,0,0,1,0.0,8.333333333333332,0.0,1
55,9,0.0,0.128,0.158,0.0,0.842,16,1,6,0,1,9.0,0.0,0.0,0,0,0,0.0,0.0,1.0,0
96,14,0.5,-0.1027,0.159,0.181,0.659,12,0,11,0,1,14.0,0.0,0.0,0,0,0,0.0,0.0,1.0,0
58,10,-0.4,0.3412,0.211,0.0,0.789,5,1,12,0,0,10.0,0.0,0.0,0,0,1,0.0,10.0,0.0,1
56,10,0.1,-0.7902,0.0,0.466,0.534,1,0,4,0,3,10.0,0.0,0.0,0,0,2,0.0,20.0,0.0,1
99,14,-0.1,-0.4019,0.0,0.172,0.828,11,2,12,0,0,14.0,0.0,0.0,0,0,0,0.0,0.0,1.0,0
61,10,0.1,-0.7737,0.182,0.522,0.297,15,1,9,0,1,10.0,0.0,0.0,0,0,2,0.0,20.0,0.0,1
55,9,0.05,-0.8408,0.0,0.667,0.333,21,5,5,1,2,9.0,0.0,0.0,0,0,2,0.0,22.22222222222222,0.0,1
51,9,-0.4,0.5559,0.4,0.102,0.499,11,2,7,0,0,9.0,0.0,0.0,0,0,2,0.0,22.22222222222222,0.0,0
52,10,-0.4,0.4416,0.353,0.144,0.503,1,1,2,0,3,10.0,0.0,0.0,0,0,1,0.0,10.0,0.0,0
38,7,-0.4,0.6256,0.505,0.0,0.495,6,2,10,0,0,7.0,0.0,0.0,0,0,1,0.0,14.285714285714285,0.0,0
53,10,0.0,0.802,0.539,0.0,0.461,13,4,8,0,1,10.0,0.0,0.0,0,1,0,10.0,0.0,1000.0,1
64,11,0.5,-0.1561,0.262,0.301,0.437,16,2,6,0,1,11.0,0.0,0.0,0,1,0,9.090909090909092,0.0,1000.0,0
50,10,0.2,0.802,0.539,0.0,0.461,7,3,9,0,0,10.0,0.0,0.0,0,1,0,10.0,0.0,1000.0,1
89,13,0.35,0.7264,0.415,0.0,0.585,19,3,10,0,2,13.0,0.0,0.0,0,0,0,0.0,0.0,1.0,0
43,8,-0.11590909090909093,-0.5719,0.0,0.346,0.654,2,6,6,1,3,8.0,0.0,0.0,0,0,1,0.0,12.5,0.0,1
55,9,0.0,0.128,0.158,0.0,0.842,4,0,6,0,3,9.0,0.0,0.0,0,0,0,0.0,0.0,1.0,0
67,10,0.42499999999999993,-0.7316,0.16,0.504,0.336,5,3,7,0,0,10.0,0.0,0.0,1,0,1,0.0,10.0,0.0,1
64,12,0.0,-0.6908,0.0,0.299,0.701,15,3,9,0,1,12.0,0.0,0.0,0,0,1,0.0,8.333333333333332,0.0,1
84,14,-0.14583333333333334,-0.4939,0.087,0.331,0.581,18,0,10,0,2,14.0,0.0,0.0,0,0,1,0.0,7.142857142857142,0.0,0
49,8,0.0,-0.3182,0.146,0.272,0.583,1,2,11,0,3,8.0,0.0,0.0,0,0,0,0.0,0.0,1.0,0
97,15,-0.25,-0.3182,0.0,0.141,0.859,19,4,9,0,2,15.0,0.0,0.0,0,0,1,0.0,6.666666666666667,0.0,1
64,8,-0.4,-0.3612,0.0,0.263,0.737,6,1,3,0,0,8.0,0.0,0.0,0,0,0,0.0,0.0,1.0,1
75,10,0.0,-0.2732,0.186,0.331,0.483,10,3,5,0,0,10.0,0.0,0.0,0,0,1,0.0,10.0,0.0,0
37,6,-0.3,0.6705,0.579,0.0,0.421,14,5,8,1,1,6.0,0.0,0.0,0,0,0,0.0,0.0,1.0,1
61,10,-0.15454545454545457,-0.7147,0.0,0.427,0.573,21,4,9,0,2,10.0,0.0,0.0,1,0,1,0.0,10.0,0.0,1
51,9,-0.08465909090909093,-0.8225,0.0,0.521,0.479,7,3,8,0,0,9.0,0.0,0.0,0,0,2,0.0,22.22222222222222,0.0,1
46,9,0.0,0.4588,0.385,0.154,0.462,6,6,10,1,0,9.0,0.0,0.0,0,0,0,0.0,0.0,1.0,0
93,14,-0.25,0.0,0.0,0.0,1.0,14,6,3,1,1,14.0,0.0,0.0,0,0,0,0.0,0.0,1.0,1
79,11,-0.125,-0.8932,0.08,0.668,0.251,1,5,9,1,3,11.0,0.0,0.0,0,0,2,0.0,18.181818181818183,0.0,1
74,11,0.5,0.4404,0.347,0.174,0.479,5,0,4,0,0,11.0,0.0,0.0,0,0,0,0.0,0.0,1.0,1
64,11,0.14285714285714285,0.0,0.0,0.0,1.0,17,6,3,1,2,11.0,0.0,0.0,0,0,0,0.0,0.0,1.0,1
62,11,0.0,0.802,0.506,0.0,0.494,0,6,9,1,3,11.0,0.0,0.0,0,1,0,9.090909090909092,0.0,1000.0,1
52,9,0.5,0.4203,0.382,0.177,0.441,3,4,1,0,3,9.0,0.0,0.0,0,1,0,11.11111111111111,0.0,1000.0,1
85,13,0.5,0.3612,0.304,0.173,0.524,15,5,10,1,1,13.0,0.0,0.0,0,0,0,0.0,0.0,1.0,0
45,8,0.5,0.7783,0.609,0.0,0.391,8,5,3,1,0,8.0,0.0,0.0,0,0,0,0.0,0.0,1.0,1
74,10,0.0,-0.5106,0.113,0.361,0.526,23,5,10,1,3,10.0,0.0,0.0,0,0,1,0.0,10.0,0.0,0
64,8,-0.4,-0.3612,0.0,0.263,0.737,5,5,11,1,0,8.0,0.0,0.0,0,0,0,0.0,0.0,1.0,0
63,9,-0.4,-0.25,0.192,0.346,0.462,5,2,3,0,0,9.0,0.0,0.0,0,0,0,0.0,0.0,1.0,0
50,8,0.0,0.0,0.0,0.0,1.0,1,1,4,0,3,8.0,0.0,0.0,0,0,0,0.0,0.0,1.0,0
71,11,0.18181818181818182,0.296,0.233,0.151,0.616,22,2,5,0,3,11.0,0.0,0.0,0,0,0,0.0,0.0,1.0,0
96,13,0.5,0.7579,0.486,0.0,0.514,6,0,8,0,0,13.0,0.0,0.0,0,0,1,0.0,7.6923076923076925,0.0,0
83,12,0.125,-0.7269,0.078,0.443,0.479,6,2,10,0,0,12.0,0.0,0.0,0,0,1,0.0,8.333333333333332,0.0,1
56,9,0.0,-0.0299,0.302,0.311,0.387,17,4,4,0,2,9.0,0.0,0.0,0,0,1,0.0,11.11111111111111,0.0,1
51,9,0.5,0.4019,0.455,0.196,0.35,7,4,8,0,0,9.0,0.0,0.0,0,0,0,0.0,0.0,1.0,0
97,14,-0.1,-0.4019,0.0,0.172,0.828,12,6,10,1,1,14.0,0.0,0.0,0,0,0,0.0,0.0,1.0,0
46,8,0.5,0.1872,0.253,0.184,0.563,13,4,3,0,1,8.0,0.0,0.0,0,0,0,0.0,0.0,1.0,0
62,9,0.0,0.128,0.158,0.0,0.842,4,1,4,0,3,9.0,0.0,0.0,0,0,0,0.0,0.0,1.0,0
85,15,-0.6,0.5667,0.264,0.0,0.736,8,5,1,1,0,15.0,0.0,0.0,0,0,2,0.0,13.333333333333334,0.0,1
38,6,0.0,-0.3089,0.0,0.311,0.689,6,1,4,0,0,6.0,0.0,0.0,0,0,0,0.0,0.0,1.0,1
72,12,0.20535714285714285,-0.5994,0.0,0.262,0.738,2,3,5,0,3,12.0,0.0,0.0,0,0,1,0.0,8.333333333333332,0.0,1
68,8,0.5,0.1531,0.38,0.338,0.282,11,1,3,0,0,8.0,0.0,0.0,0,0,1,0.0,12.5,0.0,0
46,9,0.5,0.8625,0.679,0.0,0.321,4,6,4,1,3,9.0,0.0,0.0,0,1,0,11.11111111111111,0.0,1000.0,1
82,13,0.2857142857142857,-0.3089,0.0,0.158,0.842,4,3,12,0,3,13.0,0.0,0.0,1,0,0,0.0,0.0,1.0,1
69,9,0.1,-0.8756,0.093,0.675,0.232,2,6,9,1,3,9.0,0.0,0.0,0,0,2,0.0,22.22222222222222,0.0,1
96,13,0.5,0.7579,0.486,0.0,0.514,6,1,7,0,0,13.0,0.0,0.0,0,0,1,0.0,7.6923076923076925,0.0,0
58,10,-0.4,0.3412,0.211,0.0,0.789,21,2,7,0,2,10.0,0.0,0.0,0,0,1,0.0,10.0,0.0,1
64,11,0.14285714285714285,0.0,0.0,0.0,1.0,2,2,9,0,3,11.0,0.0,0.0,0,0,0,0.0,0.0,1.0,1
51,9,0.5,0.4019,0.455,0.196,0.35,3,1,1,0,3,9.0,0.0,0.0,0,0,0,0.0,0.0,1.0,1
40,8,0.5,0.7579,0.6,0.0,0.4,6,5,7,1,0,8.0,0.0,0.0,0,0,0,0.0,0.0,1.0,0
82,13,0.2857142857142857,-0.3089,0.0,0.158,0.842,19,0,4,0,2,13.0,0.0,0.0,1,0,0,0.0,0.0,1.0,1
86,13,-0.1,0.0516,0.175,0.163,0.663,14,4,11,0,1,13.0,0.0,0.0,0,0,0,0.0,0.0,1.0,0
81,12,0.35,0.6801,0.359,0.0,0.641,8,4,8,0,0,12.0,0.0,0.0,0,0,0,0.0,0.0,1.0,0
77,13,-0.25,0.3337,0.275,0.135,0.59,4,4,3,0,3,13.0,0.0,0.0,0,0,3,0.0,23.076923076923077,0.0,1
87,14,-0.03636363636363636,0.6249,0.298,0.0,0.702,17,6,9,1,2,14.0,0.0,0.0,0,1,0,7.142857142857142,0.0,1000.0,0
73,11,0.1,-0.6452,0.153,0.508,0.339,23,1,7,0,3,11.0,0.0,0.0,1,0,2,0.0,18.181818181818183,0.0,1
83,13,-0.15,0.4404,0.356,0.136,0.508,19,0,2,0,2,13.0,0.0,0.0,0,0,0,0.0,0.0,1.0,0
62,11,-0.15454545454545457,-0.296,0.164,0.243,0.592,6,3,6,0,0,11.0,0.0,0.0,0,0,1,0.0,9.090909090909092,0.0,1
69,11,0.5,0.5178,0.326,0.0,0.674,0,5,9,1,3,11.0,0.0,0.0,0,0,0,0.0,0.0,1.0,1
49,10,0.1,0.128,0.29,0.176,0.534,11,3,9,0,0,10.0,0.0,0.0,0,0,1,0.0,10.0,0.0,1
64,11,0.5,-0.1561,0.262,0.301,0.437,3,2,5,0,3,11.0,0.0,0.0,0,1,0,9.090909090909092,0.0,1000.0,1
101,16,-0.2916666666666667,-0.5719,0.0,0.305,0.695,12,3,7,0,1,16.0,0.0,0.0,0,0,1,0.0,6.25,0.0,0
60,9,0.10416666666666666,0.2951,0.313,0.0,0.687,18,3,4,0,2,9.0,0.0,0.0,0,0,0,0.0,0.0,1.0,1
80,12,-0.06666666666666667,-0.296,0.106,0.19,0.704,22,4,10,0,3,12.0,0.0,0.0,0,0,0,0.0,0.0,1.0,0
67,12,0.0,0.802,0.477,0.0,0.523,18,4,9,0,2,12.0,0.0,0.0,0,1,0,8.333333333333332,0.0,1000.0,0
61,12,0.0,0.8271,0.543,0.102,0.355,3,3,1,0,3,12.0,0.0,0.0,0,1,0,8.333333333333332,0.0,1000.0,0
74,10,0.09999999999999999,0.4019,0.358,0.179,0.464,21,3,10,0,2,10.0,0.0,0.0,0,0,0,0.0,0.0,1.0,0
90,12,0.18181818181818182,-0.3818,0.185,0.38,0.435,15,6,10,1,1,12.0,0.0,0.0,0,0,1,0.0,8.333333333333332,0.0,0
93,14,0.2878787878787879,0.2023,0.289,0.252,0.459,6,1,10,0,0,14.0,0.0,0.0,0,0,0,0.0,0.0,1.0,0
96,13,0.5,0.7579,0.486,0.0,0.514,3,5,8,1,3,13.0,0.0,0.0,0,0,1,0.0,7.6923076923076925,0.0,0
68,8,0.5,0.1531,0.38,0.338,0.282,12,2,4,0,1,8.0,0.0,0.0,0,0,1,0.0,12.5,0.0,0
50,8,0.5,-0.092,0.187,0.222,0.591,18,0,2,0,2,8.0,0.0,0.0,0,0,0,0.0,0.0,1.0,1
65,11,0.125,-0.6705,0.0,0.379,0.621,16,0,11,0,1,11.0,0.0,0.0,0,0,1,0.0,9.090909090909092,0.0,1
52,9,-0.15454545454545457,-0.5719,0.0,0.316,0.684,22,2,3,0,3,9.0,0.0,0.0,0,0,1,0.0,11.11111111111111,0.0,1
86,13,-0.1,0.0516,0.175,0.163,0.663,7,1,7,0,0,13.0,0.0,0.0,0,0,0,0.0,0.0,1.0,0
54,10,0.125,-0.8625,0.0,0.518,0.482,16,0,10,0,1,10.0,0.0,0.0,0,0,2,0.0,20.0,0.0,1
50,8,0.5,-0.092,0.187,0.222,0.591,23,5,12,1,3,8.0,0.0,0.0,0,0,0,0.0,0.0,1.0,0
86,13,0.03181818181818182,0.25,0.345,0.191,0.464,22,1,10,0,3,13.0,0.0,0.0,0,1,0,7.6923076923076925,0.0,1000.0,0
46,8,0.5,0.1872,0.253,0.184,0.563,19,6,8,1,2,8.0,0.0,0.0,0,0,0,0.0,0.0,1.0,1
53,9,-0.1878787878787879,-0.7178,0.0,0.461,0.539,2,5,1,1,3,9.0,0.0,0.0,0,0,2,0.0,22.22222222222222,0.0,1
99,14,-0.1,-0.4019,0.0,0.172,0.828,20,6,10,1,2,14.0,0.0,0.0,0,0,0,0.0,0.0,1.0,0
41,8,-0.1,0.3412,0.256,0.0,0.744,5,6,12,1,0,8.0,0.0,0.0,0,0,1,0.0,12.5,0.0,0
96,14,0.5,-0.1027,0.159,0.181,0.659,11,6,6,1,0,14.0,0.0,0.0,0,0,0,0.0,0.0,1.0,0
75,11,0.19999999999999998,-0.0516,0.352,0.307,0.341,22,6,12,1,3,11.0,0.0,0.0,0,0,1,0.0,9.090909090909092,0.0,1
58,9,0.0,-0.3182,0.133,0.248,0.619,20,5,2,1,2,9.0,0.0,0.0,0,0,0,0.0,0.0,1.0,1
96,13,0.0,-0.7003,0.089,0.356,0.556,23,4,8,0,3,13.0,0.0,0.0,0,0,0,0.0,0.0,1.0,0
74,12,0.19285714285714284,-0.3167,0.0,0.172,0.828,7,5,3,1,0,12.0,0.0,0.0,0,0,1,0.0,8.333333333333332,0.0,1
80,11,-0.25,-0.5859,0.0,0.348,0.652,17,1,4,0,2,11.0,0.0,0.0,0,0,1,0.0,9.090909090909092,0.0,0
53,8,0.0,0.0,0.0,0.0,1.0,4,0,5,0,3,8.0,0.0,0.0,0,0,0,0.0,0.0,1.0,1
73,9,0.0,-0.5859,0.0,0.407,0.593,18,0,11,0,2,9.0,0.0,0.0,0,0,1,0.0,11.11111111111111,0.0,0
85,14,-0.6,0.3412,0.26,0.126,0.614,11,6,2,1,0,14.0,0.0,0.0,1,0,2,0.0,14.285714285714285,0.0,1
52,9,0.0,0.3612,0.238,0.0,0.762,3,6,3,1,3,9.0,0.0,0.0,0,0,0,0.0,0.0,1.0,1
63,10,0.1125,-0.908,0.068,0.668,0.263,23,5,10,1,3,10.0,0.0,0.0,0,0,3,0.0,30.0,0.0,1
59,11,0.1,0.3987,0.395,0.224,0.381,8,1,11,0,0,11.0,0.0,0.0,0,0,2,0.0,18.181818181818183,0.0,1
60,11,0.0,0.855,0.595,0.069,0.337,12,5,4,1,1,11.0,0.0,0.0,0,1,1,9.090909090909092,9.090909090909092,1.0,1
55,9,0.0,0.128,0.158,0.0,0.842,12,1,1,0,1,9.0,0.0,0.0,0,0,0,0.0,0.0,1.0,0
80,13,0.35,0.8313,0.468,0.0,0.532,20,2,3,0,2,13.0,0.0,0.0,0,0,0,0.0,0.0,1.0,0
45,8,0.5,0.7783,0.609,0.0,0.391,4,0,6,0,3,8.0,0.0,0.0,0,0,0,0.0,0.0,1.0,1
96,15,-0.15,0.1511,0.102,0.0,0.898,13,5,11,1,1,15.0,0.0,0.0,1,0,1,0.0,6.666666666666667,0.0,1
74,11,0.0,0.5574,0.367,0.151,0.482,0,0,8,0,3,11.0,0.0,0.0,0,1,0,9.090909090909092,0.0,1000.0,0
82,10,0.5,0.8402,0.688,0.0,0.312,2,2,1,0,3,10.0,0.0,0.0,0,0,1,0.0,10.0,0.0,0
56,9,-0.14090909090909096,-0.5994,0.228,0.428,0.345,22,4,6,0,3,9.0,0.0,0.0,0,0,2,0.0,22.22222222222222,0.0,1
51,9,0.3499999999999999,-0.7615,0.165,0.487,0.348,1,2,4,0,3,9.0,0.0,0.0,1,0,2,0.0,22.22222222222222,0.0,1
68,8,0.5,0.1531,0.38,0.338,0.282,17,5,10,1,2,8.0,0.0,0.0,0,0,1,0.0,12.5,0.0,0
83,12,0.125,-0.7269,0.078,0.443,0.479,5,3,4,0,0,12.0,0.0,0.0,0,0,1,0.0,8.333333333333332,0.0,1
58,10,0.5,-0.4215,0.186,0.301,0.513,22,2,7,0,3,10.0,0.0,0.0,0,0,1,0.0,10.0,0.0,1
56,9,0.0,0.4019,0.252,0.0,0.748,23,6,7,1,3,9.0,0.0,0.0,0,0,0,0.0,0.0,1.0,0
60,9,0.1,-0.7717,0.0,0.489,0.511,22,4,2,0,3,9.0,0.0,0.0,0,0,1,0.0,11.11111111111111,0.0,1
78,13,0.14242424242424243,0.7906,0.444,0.0,0.556,14,0,6,0,1,13.0,0.0,0.0,0,1,0,7.6923076923076925,0.0,1000.0,0
62,9,0.0,0.6249,0.503,0.166,0.331,18,2,4,0,2,9.0,0.0,0.0,0,1,0,11.11111111111111,0.0,1000.0,0
53,10,0.0,0.802,0.539,0.0,0.461,21,4,5,0,2,10.0,0.0,0.0,0,1,0,10.0,0.0,1000.0,1
80,11,-0.25,-0.5859,0.0,0.348,0.652,11,0,4,0,0,11.0,0.0,0.0,0,0,1,0.0,9.090909090909092,0.0,0
68,12,-0.03636363636363636,0.8074,0.48,0.0,0.52,15,0,6,0,1,12.0,0.0,0.0,0,1,0,8.333333333333332,0.0,1000.0,0
89,13,-0.15,0.1779,0.309,0.145,0.545,19,5,4,1,2,13.0,0.0,0.0,0,0,0,0.0,0.0,1.0,0
43,7,0.0,0.1027,0.382,0.255,0.364,1,6,10,1,3,7.0,0.0,0.0,0,0,0,0.0,0.0,1.0,1
53,8,-0.2916666666666667,-0.4019,0.14,0.393,0.467,11,4,6,0,0,8.0,0.0,0.0,0,0,0,0.0,0.0,1.0,0
48,8,-0.3458333333333333,0.2514,0.245,0.143,0.612,1,4,5,0,3,8.0,0.0,0.0,0,0,1,0.0,12.5,0.0,0
67,11,0.0,-0.1531,0.0,0.138,0.862,11,1,1,0,0,11.0,0.0,0.0,0,0,0,0.0,0.0,1.0,1
51,9,-0.3,0.5106,0.398,0.15,0.451,11,6,5,1,0,9.0,0.0,0.0,0,0,0,0.0,0.0,1.0,0
40,7,-0.04999999999999999,0.4215,0.318,0.0,0.682,9,3,5,0,0,7.0,0.0,0.0,0,0,0,0.0,0.0,1.0,1
40,8,0.3833333333333333,0.4203,0.413,0.191,0.397,8,2,12,0,0,8.0,0.0,0.0,0,1,0,12.5,0.0,1000.0,1
90,11,0.1,-0.7845,0.094,0.497,0.409,0,1,12,0,3,11.0,0.0,0.0,0,0,1,0.0,9.090909090909092,0.0,0
50,8,-0.3,0.6103,0.456,0.107,0.438,19,5,12,1,2,8.0,0.0,0.0,0,0,1,0.0,12.5,0.0,1
49,9,-0.15454545454545457,-0.4939,0.123,0.303,0.574,14,2,12,0,1,9.0,0.0,0.0,0,0,1,0.0,11.11111111111111,0.0,1
77,13,-0.6,0.5667,0.298,0.0,0.702,23,4,4,0,3,13.0,0.0,0.0,0,0,2,0.0,15.384615384615385,0.0,1
58,11,-0.1,-0.6259,0.104,0.307,0.589,18,3,10,0,2,11.0,0.0,0.0,1,0,2,0.0,18.181818181818183,0.0,1
96,14,0.5,-0.1027,0.159,0.181,0.659,13,4,5,0,1,14.0,0.0,0.0,0,0,0,0.0,0.0,1.0,0
58,10,0.5,0.3895,0.339,0.145,0.516,10,1,8,0,0,10.0,0.0,0.0,0,0,0,0.0,0.0,1.0,0
87,11,0.5,0.5574,0.412,0.0,0.588,10,4,11,0,0,11.0,0.0,0.0,0,0,1,0.0,9.090909090909092,0.0,0
60,9,0.1,-0.7717,0.0,0.489,0.511,22,5,11,1,3,9.0,0.0,0.0,0,0,1,0.0,11.11111111111111,0.0,1
89,14,-0.03636363636363636,0.6249,0.298,0.0,0.702,17,0,12,0,2,14.0,0.0,0.0,0,1,0,7.142857142857142,0.0,1000.0,0
32,6,0.0,0.6369,0.565,0.0,0.435,12,3,5,0,1,6.0,0.0,0.0,0,0,0,0.0,0.0,1.0,1
79,12,-0.03636363636363636,0.6249,0.338,0.0,0.662,20,0,6,0,2,12.0,0.0,0.0,0,1,0,8.333333333333332,0.0,1000.0,0
92,15,0.10416666666666666,-0.2023,0.148,0.291,0.561,19,6,2,1,2,15.0,0.0,0.0,0,0,1,0.0,6.666666666666667,0.0,0
82,13,0.2857142857142857,-0.3089,0.0,0.158,0.842,1,3,6,0,3,13.0,0.0,0.0,1,0,0,0.0,0.0,1.0,1
70,12,-0.024242424242424242,0.6808,0.423,0.0,0.577,13,1,5,0,1,12.0,0.0,0.0,0,1,0,8.333333333333332,0.0,1000.0,0
58,10,0.5,-0.4215,0.186,0.301,0.513,20,0,7,0,2,10.0,0.0,0.0,0,0,1,0.0,10.0,0.0,1
96,13,0.0,-0.7003,0.089,0.356,0.556,5,0,9,0,0,13.0,0.0,0.0,0,0,0,0.0,0.0,1.0,0
99,14,-0.1,-0.4019,0.0,0.172,0.828,18,2,1,0,2,14.0,0.0,0.0,0,0,0,0.0,0.0,1.0,0
49,7,0.5,0.8402,0.719,0.156,0.125,2,1,1,0,3,7.0,0.0,0.0,0,1,0,14.285714285714285,0.0,1000.0,0
75,13,0.0,-0.1531,0.0,0.118,0.882,19,2,6,0,2,13.0,0.0,0.0,0,0,0,0.0,0.0,1.0,1
61,10,0.1,-0.7737,0.182,0.522,0.297,4,4,12,0,3,10.0,0.0,0.0,0,0,2,0.0,20.0,0.0,1
105,14,0.5,0.5574,0.337,0.0,0.663,13,3,9,0,1,14.0,0.0,0.0,0,0,1,0.0,7.142857142857142,0.0,0
97,12,0.5,0.5574,0.384,0.0,0.616,4,6,12,1,3,12.0,0.0,0.0,0,0,1,0.0,8.333333333333332,0.0,0
55,9,0.05,-0.8408,0.0,0.667,0.333,19,5,9,1,2,9.0,0.0,0.0,0,0,2,0.0,22.22222222222222,0.0,1
53,9,-0.4,0.3412,0.231,0.0,0.769,1,3,3,0,3,9.0,0.0,0.0,0,0,1,0.0,11.11111111111111,0.0,1
38,6,0.0,-0.3089,0.0,0.311,0.689,13,6,4,1,1,6.0,0.0,0.0,0,0,0,0.0,0.0,1.0,1
36,6,-0.07083333333333335,0.0762,0.206,0.0,0.794,2,5,1,1,3,6.0,0.0,0.0,0,0,0,0.0,0.0,1.0,1
77,12,-0.03636363636363636,0.6808,0.423,0.0,0.577,6,2,4,0,0,12.0,0.0,0.0,0,1,0,8.333333333333332,0.0,1000.0,0
81,12,-0.1,0.0,0.175,0.175,0.649,20,1,3,0,2,12.0,0.0,0.0,0,0,0,0.0,0.0,1.0,0
78,12,0.5,0.3182,0.313,0.184,0.503,22,2,12,0,3,12.0,0.0,0.0,0,0,0,0.0,0.0,1.0,0
40,7,-0.04999999999999999,0.4215,0.318,0.0,0.682,15,2,5,0,1,7.0,0.0,0.0,0,0,0,0.0,0.0,1.0,1
101,16,-0.2916666666666667,-0.5719,0.0,0.305,0.695,7,1,7,0,0,16.0,0.0,0.0,0,0,1,0.0,6.25,0.0,0
52,10,0.1,0.128,0.29,0.176,0.534,11,6,6,1,0,10.0,0.0,0.0,0,0,1,0.0,10.0,0.0,1
91,14,-0.2916666666666667,-0.4939,0.087,0.331,0.581,23,0,4,0,3,14.0,0.0,0.0,0,0,1,0.0,7.142857142857142,0.0,0
64,8,-0.4,-0.3612,0.0,0.263,0.737,11,2,8,0,0,8.0,0.0,0.0,0,0,0,0.0,0.0,1.0,1
54,8,0.0,0.0,0.0,0.0,1.0,13,6,2,1,1,8.0,0.0,0.0,0,0,0,0.0,0.0,1.0,0
47,8,0.0,0.3612,0.263,0.0,0.737,6,6,7,1,0,8.0,0.0,0.0,0,0,0,0.0,0.0,1.0,0
55,9,0.05,-0.8408,0.0,0.667,0.333,0,0,11,0,3,9.0,0.0,0.0,0,0,2,0.0,22.22222222222222,0.0,1
47,8,0.0,0.3612,0.263,0.0,0.737,6,0,5,0,0,8.0,0.0,0.0,0,0,0,0.0,0.0,1.0,0
57,8,0.04999999999999999,0.3612,0.4,0.2,0.4,12,3,6,0,1,8.0,0.0,0.0,0,0,0,0.0,0.0,1.0,0
71,12,-0.03636363636363636,0.7783,0.464,0.0,0.536,3,1,6,0,3,12.0,0.0,0.0,0,1,0,8.333333333333332,0.0,1000.0,0
58,9,0.0,0.0,0.0,0.0,1.0,23,2,6,0,3,9.0,0.0,0.0,0,0,0,0.0,0.0,1.0,1
98,14,0.18333333333333335,0.3597,0.344,0.177,0.479,2,2,2,0,3,14.0,0.0,0.0,0,0,0,0.0,0.0,1.0,0
34,7,0.325,0.6124,0.5,0.0,0.5,5,6,2,1,0,7.0,0.0,0.0,0,0,0,0.0,0.0,1.0,0
100,15,-0.030555555555555558,-0.7783,0.076,0.448,0.476,12,0,5,0,1,15.0,0.0,0.0,0,0,1,0.0,6.666666666666667,0.0,0
75,12,0.0,-0.4325,0.0,0.278,0.722,20,5,4,1,2,12.0,0.0,0.0,1,0,0,0.0,0.0,1.0,1
77,13,-0.6,0.5667,0.298,0.0,0.702,11,2,10,0,0,13.0,0.0,0.0,0,0,2,0.0,15.384615384615385,0.0,1
71,10,0.1,-0.4336,0.0,0.326,0.674,10,6,4,1,0,10.0,0.0,0.0,0,0,0,0.0,0.0,1.0,1
64,11,0.0,-0.7881,0.0,0.436,0.564,18,2,1,0,2,11.0,0.0,0.0,1,0,1,0.0,9.090909090909092,0.0,1
81,12,-0.6,0.3948,0.298,0.128,0.575,23,5,4,1,3,12.0,0.0,0.0,0,0,2,0.0,16.666666666666664,0.0,1
40,8,0.15,0.128,0.238,0.19,0.571,23,0,5,0,3,8.0,0.0,0.0,0,0,0,0.0,0.0,1.0,0
72,12,0.20535714285714285,-0.5994,0.0,0.262,0.738,2,4,1,0,3,12.0,0.0,0.0,0,0,1,0.0,8.333333333333332,0.0,1
58,9,0.0,0.0,0.0,0.0,1.0,18,5,4,1,2,9.0,0.0,0.0,0,0,0,0.0,0.0,1.0,1
60,12,0.1,0.25,0.358,0.244,0.398,21,6,6,1,2,12.0,0.0,0.0,0,0,1,0.0,8.333333333333332,0.0,0
44,8,-0.4,0.3412,0.256,0.0,0.744,16,0,8,0,1,8.0,0.0,0.0,0,0,1,0.0,12.5,0.0,1
45,8,0.5,0.7783,0.609,0.0,0.391,9,6,8,1,0,8.0,0.0,0.0,0,0,0,0.0,0.0,1.0,0
50,10,0.2,0.802,0.539,0.0,0.461,3,5,5,1,3,10.0,0.0,0.0,0,1,0,10.0,0.0,1000.0,0
101,15,0.35,0.6801,0.301,0.0,0.699,12,0,11,0,1,15.0,0.0,0.0,0,0,0,0.0,0.0,1.0,0
77,12,0.35,0.6801,0.359,0.0,0.641,2,6,1,1,3,12.0,0.0,0.0,0,0,0,0.0,0.0,1.0,0
60,9,0.1,-0.7717,0.0,0.489,0.511,16,5,3,1,1,9.0,0.0,0.0,0,0,1,0.0,11.11111111111111,0.0,1
85,15,-0.6,0.5667,0.264,0.0,0.736,14,3,3,0,1,15.0,0.0,0.0,0,0,2,0.0,13.333333333333334,0.0,1
62,9,0.0,0.128,0.158,0.0,0.842,10,5,5,1,0,9.0,0.0,0.0,0,0,0,0.0,0.0,1.0,0
58,10,-0.4,0.3412,0.211,0.0,0.789,14,1,6,0,1,10.0,0.0,0.0,0,0,1,0.0,10.0,0.0,0
32,6,0.15,0.0,0.0,0.0,1.0,20,0,5,0,2,6.0,0.0,0.0,0,0,0,0.0,0.0,1.0,1
57,8,0.04999999999999999,0.3612,0.4,0.2,0.4,18,6,11,1,2,8.0,0.0,0.0,0,0,0,0.0,0.0,1.0,0
40,8,0.3833333333333333,0.4203,0.413,0.191,0.397,0,1,12,0,3,8.0,0.0,0.0,0,1,0,12.5,0.0,1000.0,1
82,12,-0.19999999999999998,-0.8934,0.077,0.636,0.287,0,6,12,1,3,12.0,0.0,0.0,0,0,2,0.0,16.666666666666664,0.0,1
74,10,0.09999999999999999,0.4019,0.358,0.179,0.464,8,6,3,1,0,10.0,0.0,0.0,0,0,0,0.0,0.0,1.0,0
76,11,0.425,0.8748,0.611,0.0,0.389,14,1,1,0,1,11.0,0.0,0.0,0,0,0,0.0,0.0,1.0,0
51,9,-0.3,0.5106,0.398,0.15,0.451,13,4,7,0,1,9.0,0.0,0.0,0,0,0,0.0,0.0,1.0,1
93,14,-0.25,0.0,0.0,0.0,1.0,20,1,5,0,2,14.0,0.0,0.0,0,0,0,0.0,0.0,1.0,1
68,11,0.5,0.128,0.288,0.19,0.523,15,2,9,0,1,11.0,0.0,0.0,0,0,0,0.0,0.0,1.0,1
62,9,0.0,0.6249,0.503,0.166,0.331,11,4,10,0,0,9.0,0.0,0.0,0,1,0,11.11111111111111,0.0,1000.0,0
56,9,0.0,0.743,0.54,0.153,0.307,1,0,3,0,3,9.0,0.0,0.0,0,1,0,11.11111111111111,0.0,1000.0,0
82,14,-0.2916666666666667,-0.128,0.169,0.302,0.529,10,6,5,1,0,14.0,0.0,0.0,0,0,1,0.0,7.142857142857142,0.0,0
61,11,0.1,0.128,0.27,0.163,0.567,0,4,8,0,3,11.0,0.0,0.0,0,0,1,0.0,9.090909090909092,0.0,1
82,12,-0.19999999999999998,-0.8934,0.077,0.636,0.287,3,0,9,0,3,12.0,0.0,0.0,0,0,2,0.0,16.666666666666664,0.0,1
77,12,0.35,0.6801,0.359,0.0,0.641,1,2,8,0,3,12.0,0.0,0.0,0,0,0,0.0,0.0,1.0,0
83,13,0.35,0.807,0.453,0.0,0.547,23,1,5,0,3,13.0,0.0,0.0,0,0,0,0.0,0.0,1.0,0
50,10,0.2,0.802,0.539,0.0,0.461,17,1,6,0,2,10.0,0.0,0.0,0,1,0,10.0,0.0,1000.0,0
57,10,0.0,-0.1531,0.0,0.151,0.849,10,6,12,1,0,10.0,0.0,0.0,0,0,0,0.0,0.0,1.0,1
50,8,-0.3,0.6103,0.456,0.107,0.438,14,2,3,0,1,8.0,0.0,0.0,0,0,1,0.0,12.5,0.0,0
56,10,-0.030555555555555558,0.0258,0.281,0.274,0.444,3,3,8,0,3,10.0,0.0,0.0,0,0,1,0.0,10.0,0.0,1
58,10,0.5,-0.4215,0.186,0.301,0.513,6,1,6,0,0,10.0,0.0,0.0,0,0,1,0.0,10.0,0.0,1
82,10,0.5,0.8402,0.688,0.0,0.312,22,3,5,0,3,10.0,0.0,0.0,0,0,1,0.0,10.0,0.0,0
83,13,0.35,0.807,0.453,0.0,0.547,12,5,3,1,1,13.0,0.0,0.0,0,0,0,0.0,0.0,1.0,0
34,7,0.325,0.6124,0.5,0.0,0.5,15,5,2,1,1,7.0,0.0,0.0,0,0,0,0.0,0.0,1.0,1
55,10,-0.13272727272727275,-0.4781,0.12,0.278,0.602,14,1,6,0,1,10.0,0.0,0.0,1,0,2,0.0,20.0,0.0,1
52,9,0.0,0.3612,0.238,0.0,0.762,16,0,9,0,1,9.0,0.0,0.0,0,0,0,0.0,0.0,1.0,1
52,9,-0.15454545454545457,-0.5719,0.0,0.316,0.684,14,3,2,0,1,9.0,0.0,0.0,0,0,1,0.0,11.11111111111111,0.0,1
46,9,0.0,-0.6908,0.0,0.37,0.63,22,2,2,0,3,9.0,0.0,0.0,0,0,1,0.0,11.11111111111111,0.0,1
91,13,0.35,0.6801,0.337,0.0,0.663,16,5,5,1,1,13.0,0.0,0.0,0,0,0,0.0,0.0,1.0,0
89,13,0.35,0.7264,0.415,0.0,0.585,14,0,9,0,1,13.0,0.0,0.0,0,0,0,0.0,0.0,1.0,0
55,9,0.05,-0.8408,0.0,0.667,0.333,19,3,12,0,2,9.0,0.0,0.0,0,0,2,0.0,22.22222222222222,0.0,1
52,10,-0.4,0.4416,0.353,0.144,0.503,13,5,4,1,1,10.0,0.0,0.0,0,0,1,0.0,10.0,0.0,0
100,15,-0.030555555555555558,-0.7783,0.076,0.448,0.476,17,6,8,1,2,15.0,0.0,0.0,0,0,1,0.0,6.666666666666667,0.0,0
62,11,0.0,0.802,0.506,0.0,0.494,15,5,2,1,1,11.0,0.0,0.0,0,1,0,9.090909090909092,0.0,1000.0,0
46,9,0.5,0.8625,0.679,0.0,0.321,12,3,6,0,1,9.0,0.0,0.0,0,1,0,11.11111111111111,0.0,1000.0,0
47,8,0.0,0.3612,0.263,0.0,0.737,6,0,12,0,0,8.0,0.0,0.0,0,0,0,0.0,0.0,1.0,1
57,10,0.0,-0.2023,0.27,0.324,0.405,3,6,11,1,3,10.0,0.0,0.0,0,0,0,0.0,0.0,1.0,1
93,14,0.0,-0.0402,0.108,0.182,0.71,14,0,8,0,1,14.0,0.0,0.0,0,0,0,0.0,0.0,1.0,1
70,12,-0.024242424242424242,0.6808,0.423,0.0,0.577,19,4,2,0,2,12.0,0.0,0.0,0,1,0,8.333333333333332,0.0,1000.0,0
64,11,0.5,-0.2982,0.136,0.293,0.571,16,2,8,0,1,11.0,0.0,0.0,0,0,0,0.0,0.0,1.0,0
60,9,0.1,-0.7717,0.0,0.489,0.511,11,3,8,0,0,9.0,0.0,0.0,0,0,1,0.0,11.11111111111111,0.0,1
99,14,-0.1,-0.4019,0.0,0.172,0.828,20,6,5,1,2,14.0,0.0,0.0,0,0,0,0.0,0.0,1.0,0
67,11,0.1,-0.4391,0.0,0.302,0.698,10,6,6,1,0,11.0,0.0,0.0,0,0,1,0.0,9.090909090909092,0.0,1
52,9,0.5,0.4203,0.382,0.177,0.441,14,0,8,0,1,9.0,0.0,0.0,0,1,0,11.11111111111111,0.0,1000.0,1
89,12,-0.1,-0.4019,0.0,0.197,0.803,1,3,7,0,3,12.0,0.0,0.0,0,0,0,0.0,0.0,1.0,0
49,10,0.1,0.128,0.29,0.176,0.534,13,6,9,1,1,10.0,0.0,0.0,0,0,1,0.0,10.0,0.0,0
84,14,-0.14583333333333334,-0.4939,0.087,0.331,0.581,15,6,5,1,1,14.0,0.0,0.0,0,0,1,0.0,7.142857142857142,0.0,0
96,15,-0.15,0.1511,0.102,0.0,0.898,19,1,1,0,2,15.0,0.0,0.0,1,0,1,0.0,6.666666666666667,0.0,1
60,9,0.10416666666666666,0.2951,0.313,0.0,0.687,17,4,8,0,2,9.0,0.0,0.0,0,0,0,0.0,0.0,1.0,1
74,10,0.09999999999999999,0.4019,0.358,0.179,0.464,21,4,3,0,2,10.0,0.0,0.0,0,0,0,0.0,0.0,1.0,0
72,10,0.0,-0.1531,0.213,0.32,0.467,18,3,12,0,2,10.0,0.0,0.0,0,0,1,0.0,10.0,0.0,0
52,9,0.0,0.3612,0.238,0.0,0.762,0,4,3,0,3,9.0,0.0,0.0,0,0,0,0.0,0.0,1.0,0
71,11,0.5,0.0,0.196,0.196,0.608,10,5,3,1,0,11.0,0.0,0.0,0,0,0,0.0,0.0,1.0,1
72,11,0.0,0.5574,0.367,0.151,0.482,20,3,3,0,2,11.0,0.0,0.0,0,1,0,9.090909090909092,0.0,1000.0,0
72,11,0.3,-0.3167,0.18,0.323,0.497,2,3,6,0,3,11.0,0.0,0.0,0,0,1,0.0,9.090909090909092,0.0,1
87,12,0.5,0.4106,0.297,0.183,0.52,2,0,6,0,3,12.0,0.0,0.0,0,0,0,0.0,0.0,1.0,1
50,8,0.0,0.0,0.0,0.0,1.0,18,6,6,1,2,8.0,0.0,0.0,0,0,0,0.0,0.0,1.0,0
57,8,0.04999999999999999,0.3612,0.4,0.2,0.4,0,1,7,0,3,8.0,0.0,0.0,0,0,0,0.0,0.0,1.0,0
52,8,-0.3,0.4215,0.286,0.0,0.714,7,5,11,1,0,8.0,0.0,0.0,0,0,0,0.0,0.0,1.0,1
81,12,-0.15999999999999998,-0.832,0.158,0.545,0.297,8,6,3,1,0,12.0,0.0,0.0,1,0,2,0.0,16.666666666666664,0.0,1
80,12,-0.06666666666666667,-0.296,0.106,0.19,0.704,18,5,1,1,2,12.0,0.0,0.0,0,0,0,0.0,0.0,1.0,0
43,7,0.0,0.1027,0.382,0.255,0.364,12,4,9,0,1,7.0,0.0,0.0,0,0,0,0.0,0.0,1.0,0
70,11,0.04999999999999999,-0.2023,0.229,0.285,0.486,3,0,9,0,3,11.0,0.0,0.0,0,0,1,0.0,9.090909090909092,0.0,1
77,12,0.25,0.0258,0.263,0.198,0.539,9,0,7,0,0,12.0,0.0,0.0,0,0,0,0.0,0.0,1.0,0
78,11,-0.19999999999999998,-0.8555,0.086,0.591,0.323,20,4,1,0,2,11.0,0.0,0.0,0,0,1,0.0,9.090909090909092,0.0,1
72,11,0.0,0.5574,0.367,0.151,0.482,12,3,5,0,1,11.0,0.0,0.0,0,1,0,9.090909090909092,0.0,1000.0,0
93,13,0.2333333333333333,-0.5423,0.22,0.341,0.439,13,2,3,0,1,13.0,0.0,0.0,0,0,0,0.0,0.0,1.0,0
86,12,0.5,-0.1027,0.179,0.204,0.617,3,2,10,0,3,12.0,0.0,0.0,0,0,0,0.0,0.0,1.0,0
58,10,-0.4,0.3412,0.211,0.0,0.789,2,3,1,0,3,10.0,0.0,0.0,0,0,1,0.0,10.0,0.0,1
82,14,0.2857142857142857,0.0,0.0,0.0,1.0,7,4,1,0,0,14.0,0.0,0.0,0,0,0,0.0,0.0,1.0,1
61,10,-0.25,0.0,0.0,0.0,1.0,4,3,6,0,3,10.0,0.0,0.0,0,0,0,0.0,0.0,1.0,0
70,11,0.5,0.2263,0.16,0.0,0.84,19,4,11,0,2,11.0,0.0,0.0,0,0,0,0.0,0.0,1.0,1
46,8,0.2,-0.3182,0.146,0.272,0.583,7,1,12,0,0,8.0,0.0,0.0,0,0,0,0.0,0.0,1.0,1
80,13,-0.15,0.5267,0.374,0.132,0.495,6,1,6,0,0,13.0,0.0,0.0,0,0,0,0.0,0.0,1.0,0
89,14,-0.03636363636363636,0.6249,0.298,0.0,0.702,1,3,1,0,3,14.0,0.0,0.0,0,1,0,7.142857142857142,0.0,1000.0,0
81,11,-0.024999999999999994,0.4145,0.468,0.276,0.256,14,2,6,0,1,11.0,0.0,0.0,0,0,1,0.0,9.090909090909092,0.0,1
97,14,-0.1,-0.4019,0.0,0.172,0.828,9,1,6,0,0,14.0,0.0,0.0,0,0,0,0.0,0.0,1.0,0
89,13,0.35,0.7264,0.415,0.0,0.585,3,0,2,0,3,13.0,0.0,0.0,0,0,0,0.0,0.0,1.0,0
50,8,0.0,0.5574,0.449,0.184,0.368,1,5,7,1,3,8.0,0.0,0.0,0,1,0,12.5,0.0,1000.0,0
46,9,0.5,0.8625,0.679,0.0,0.321,2,1,6,0,3,9.0,0.0,0.0,0,1,0,11.11111111111111,0.0,1000.0,0
52,9,0.0,-0.4784,0.0,0.37,0.63,11,1,4,0,0,9.0,0.0,0.0,0,0,0,0.0,0.0,1.0,1
67,11,0.1,-0.4391,0.0,0.302,0.698,17,4,4,0,2,11.0,0.0,0.0,0,0,1,0.0,9.090909090909092,0.0,1
95,12,0.5,0.6249,0.47,0.0,0.53,4,6,4,1,3,12.0,0.0,0.0,0,0,1,0.0,8.333333333333332,0.0,0
53,8,0.0,0.0,0.0,0.0,1.0,5,0,9,0,0,8.0,0.0,0.0,0,0,0,0.0,0.0,1.0,1
47,7,-0.2916666666666667,0.34,0.304,0.152,0.543,9,1,10,0,0,7.0,0.0,0.0,0,0,0,0.0,0.0,1.0,0
51,9,-0.4,0.5559,0.4,0.102,0.499,12,2,12,0,1,9.0,0.0,0.0,0,0,2,0.0,22.22222222222222,0.0,1
59,7,-0.3458333333333333,-0.4404,0.0,0.438,0.562,2,4,3,0,3,7.0,0.0,0.0,0,0,0,0.0,0.0,1.0,1
51,9,-0.08465909090909093,-0.8225,0.0,0.521,0.479,4,1,9,0,3,9.0,0.0,0.0,0,0,2,0.0,22.22222222222222,0.0,1
48,8,-0.3458333333333333,0.2514,0.245,0.143,0.612,5,6,12,1,0,8.0,0.0,0.0,0,0,1,0.0,12.5,0.0,1
75,11,-0.19999999999999998,-0.836,0.162,0.576,0.262,19,3,7,0,2,11.0,0.0,0.0,0,0,1,0.0,9.090909090909092,0.0,1
52,10,0.19999999999999998,0.8593,0.636,0.0,0.364,9,3,10,0,0,10.0,0.0,0.0,0,1,1,10.0,10.0,1.0,1
39,7,0.15,0.2924,0.279,0.142,0.58,16,3,11,0,1,7.0,0.0,0.0,0,0,1,0.0,14.285714285714285,0.0,1
56,10,-0.030555555555555558,0.0258,0.281,0.274,0.444,15,6,7,1,1,10.0,0.0,0.0,0,0,1,0.0,10.0,0.0,1
43,7,0.0,0.1027,0.382,0.255,0.364,1,0,12,0,3,7.0,0.0,0.0,0,0,0,0.0,0.0,1.0,1
93,14,-0.2916666666666667,-0.5719,0.0,0.341,0.659,12,2,6,0,1,14.0,0.0,0.0,0,0,1,0.0,7.142857142857142,0.0,0
85,12,0.1,-0.4989,0.102,0.377,0.521,20,6,10,1,2,12.0,0.0,0.0,0,0,1,0.0,8.333333333333332,0.0,1
55,9,0.0,0.6249,0.503,0.166,0.331,21,6,12,1,2,9.0,0.0,0.0,0,1,0,11.11111111111111,0.0,1000.0,0
49,6,-0.4,0.0516,0.293,0.272,0.435,2,5,10,1,3,6.0,0.0,0.0,0,0,0,0.0,0.0,1.0,0
92,14,-0.0625,-0.5994,0.0,0.231,0.769,23,2,3,0,3,14.0,0.0,0.0,0,0,1,0.0,7.142857142857142,0.0,1
98,14,0.18333333333333335,0.3597,0.344,0.177,0.479,0,2,7,0,3,14.0,0.0,0.0,0,0,0,0.0,0.0,1.0,0
82,13,0.2857142857142857,-0.3089,0.0,0.158,0.842,16,2,3,0,1,13.0,0.0,0.0,1,0,0,0.0,0.0,1.0,1
102,16,-0.25,0.0,0.0,0.0,1.0,21,5,8,1,2,16.0,0.0,0.0,0,0,0,0.0,0.0,1.0,1
80,13,-0.15,0.5267,0.374,0.132,0.495,20,0,9,0,2,13.0,0.0,0.0,0,0,0,0.0,0.0,1.0,0
64,11,0.5,-0.2982,0.136,0.293,0.571,5,6,5,1,0,11.0,0.0,0.0,0,0,0,0.0,0.0,1.0,0
76,12,0.39285714285714285,0.4404,0.209,0.0,0.791,17,5,9,1,2,12.0,0.0,0.0,0,0,0,0.0,0.0,1.0,1
52,7,-0.4,-0.3612,0.0,0.294,0.706,3,1,4,0,3,7.0,0.0,0.0,0,0,0,0.0,0.0,1.0,0
76,11,0.5,-0.1027,0.191,0.217,0.592,16,2,10,0,1,11.0,0.0,0.0,0,0,0,0.0,0.0,1.0,0
69,11,-0.03636363636363636,0.6249,0.362,0.0,0.638,14,1,1,0,1,11.0,0.0,0.0,0,1,0,9.090909090909092,0.0,1000.0,0
41,7,0.2,0.0,0.0,0.0,1.0,2,1,10,0,3,7.0,0.0,0.0,0,0,0,0.0,0.0,1.0,1
37,6,-0.3,0.6705,0.579,0.0,0.421,4,2,3,0,3,6.0,0.0,0.0,0,0,0,0.0,0.0,1.0,0
53,9,0.0,0.4939,0.286,0.0,0.714,5,1,7,0,0,9.0,0.0,0.0,0,0,0,0.0,0.0,1.0,0
76,13,-0.10757575757575759,0.6249,0.317,0.0,0.683,9,3,6,0,0,13.0,0.0,0.0,0,1,0,7.6923076923076925,0.0,1000.0,0
53,8,-0.2916666666666667,-0.4019,0.14,0.393,0.467,6,3,11,0,0,8.0,0.0,0.0,0,0,0,0.0,0.0,1.0,1
82,12,-0.19999999999999998,-0.8934,0.077,0.636,0.287,2,5,1,1,3,12.0,0.0,0.0,0,0,2,0.0,16.666666666666664,0.0,1
72,12,0.20535714285714285,-0.5994,0.0,0.262,0.738,20,2,1,0,2,12.0,0.0,0.0,0,0,1,0.0,8.333333333333332,0.0,1
61,11,0.1,0.128,0.27,0.163,0.567,21,2,2,0,2,11.0,0.0,0.0,0,0,1,0.0,9.090909090909092,0.0,0
75,12,0.0,-0.4325,0.0,0.278,0.722,15,4,9,0,1,12.0,0.0,0.0,1,0,0,0.0,0.0,1.0,1
46,9,0.0,0.4588,0.385,0.154,0.462,12,4,1,0,1,9.0,0.0,0.0,0,0,0,0.0,0.0,1.0,0
74,10,-0.06250000000000001,-0.6426,0.332,0.529,0.139,20,6,12,1,2,10.0,0.0,0.0,1,0,2,0.0,20.0,0.0,1
96,13,0.5,0.7579,0.486,0.0,0.514,12,0,9,0,1,13.0,0.0,0.0,0,0,1,0.0,7.6923076923076925,0.0,0
86,13,-0.15,-0.4019,0.0,0.184,0.816,21,5,12,1,2,13.0,0.0,0.0,0,0,0,0.0,0.0,1.0,0
56,10,-0.030555555555555558,0.0258,0.281,0.274,0.444,7,5,11,1,0,10.0,0.0,0.0,0,0,1,0.0,10.0,0.0,0
59,11,0.1,0.3987,0.395,0.224,0.381,10,6,11,1,0,11.0,0.0,0.0,0,0,2,0.0,18.181818181818183,0.0,0
51,8,0.0,0.3757,0.373,0.0,0.627,14,0,9,0,1,8.0,0.0,0.0,0,0,1,0.0,12.5,0.0,0
62,11,-0.15454545454545457,-0.296,0.164,0.243,0.592,23,3,1,0,3,11.0,0.0,0.0,0,0,1,0.0,9.090909090909092,0.0,1
60,11,0.0,0.855,0.595,0.069,0.337,10,5,7,1,0,11.0,0.0,0.0,0,1,1,9.090909090909092,9.090909090909092,1.0,0
87,12,0.5,0.4106,0.297,0.183,0.52,10,4,2,0,0,12.0,0.0,0.0,0,0,0,0.0,0.0,1.0,1
85,14,-0.2916666666666667,-0.25,0.147,0.31,0.543,6,5,10,1,0,14.0,0.0,0.0,0,0,1,0.0,7.142857142857142,0.0,0
68,12,-0.03636363636363636,0.8074,0.48,0.0,0.52,14,2,8,0,1,12.0,0.0,0.0,0,1,0,8.333333333333332,0.0,1000.0,0
69,11,0.31785714285714284,-0.2144,0.183,0.238,0.579,17,0,4,0,2,11.0,0.0,0.0,1,0,1,0.0,9.090909090909092,0.0,1
46,9,0.04999999999999999,0.7511,0.552,0.0,0.448,3,3,11,0,3,9.0,0.0,0.0,0,0,1,0.0,11.11111111111111,0.0,0
91,12,0.0,-0.5859,0.0,0.324,0.676,1,4,4,0,3,12.0,0.0,0.0,0,0,1,0.0,8.333333333333332,0.0,0
97,12,0.5,0.5574,0.384,0.0,0.616,2,6,12,1,3,12.0,0.0,0.0,0,0,1,0.0,8.333333333333332,0.0,0
64,11,0.14285714285714285,0.0,0.0,0.0,1.0,21,2,12,0,2,11.0,0.0,0.0,0,0,0,0.0,0.0,1.0,1
55,7,-0.4,-0.3612,0.0,0.294,0.706,15,2,1,0,1,7.0,0.0,0.0,0,0,0,0.0,0.0,1.0,0
101,16,-0.2916666666666667,-0.5719,0.0,0.305,0.695,20,3,1,0,2,16.0,0.0,0.0,0,0,1,0.0,6.25,0.0,0
90,14,0.06666666666666667,0.4767,0.344,0.127,0.529,17,5,11,1,2,14.0,0.0,0.0,0,0,0,0.0,0.0,1.0,0
82,13,0.175,0.7264,0.415,0.0,0.585,11,2,3,0,0,13.0,0.0,0.0,0,0,0,0.0,0.0,1.0,0
93,13,0.2333333333333333,-0.5423,0.22,0.341,0.439,11,1,4,0,0,13.0,0.0,0.0,0,0,0,0.0,0.0,1.0,0
69,11,0.5,0.5178,0.326,0.0,0.674,10,1,2,0,0,11.0,0.0,0.0,0,0,0,0.0,0.0,1.0,1
82,14,0.2857142857142857,0.0,0.0,0.0,1.0,13,6,4,1,1,14.0,0.0,0.0,0,0,0,0.0,0.0,1.0,1
75,10,0.0,-0.2732,0.186,0.331,0.483,0,4,11,0,3,10.0,0.0,0.0,0,0,1,0.0,10.0,0.0,0
61,11,0.1,0.128,0.27,0.163,0.567,3,2,8,0,3,11.0,0.0,0.0,0,0,1,0.0,9.090909090909092,0.0,1
89,13,-0.15,0.1779,0.309,0.145,0.545,6,0,10,0,0,13.0,0.0,0.0,0,0,0,0.0,0.0,1.0,0
90,15,-0.2916666666666667,-0.2023,0.148,0.291,0.561,23,4,3,0,3,15.0,0.0,0.0,0,0,1,0.0,6.666666666666667,0.0,0
87,13,-0.19999999999999998,-0.5264,0.215,0.385,0.4,19,2,7,0,2,13.0,0.0,0.0,0,0,1,0.0,7.6923076923076925,0.0,1
64,9,0.0,0.0,0.0,0.0,1.0,20,1,1,0,2,9.0,0.0,0.0,0,0,0,0.0,0.0,1.0,0
77,12,0.25,0.0258,0.263,0.198,0.539,11,2,10,0,0,12.0,0.0,0.0,0,0,0,0.0,0.0,1.0,0
56,9,-0.14090909090909096,-0.5994,0.228,0.428,0.345,2,1,8,0,3,9.0,0.0,0.0,0,0,2,0.0,22.22222222222222,0.0,1
83,13,0.125,-0.1027,0.169,0.192,0.64,9,0,11,0,0,13.0,0.0,0.0,0,0,0,0.0,0.0,1.0,0
63,10,0.1125,-0.908,0.068,0.668,0.263,0,1,10,0,3,10.0,0.0,0.0,0,0,3,0.0,30.0,0.0,1
72,12,0.20535714285714285,-0.5994,0.0,0.262,0.738,14,2,2,0,1,12.0,0.0,0.0,0,0,1,0.0,8.333333333333332,0.0,1
70,12,0.0,-0.4404,0.0,0.281,0.719,12,0,7,0,1,12.0,0.0,0.0,0,0,1,0.0,8.333333333333332,0.0,1
41,7,0.15,0.0,0.0,0.0,1.0,20,2,6,0,2,7.0,0.0,0.0,0,0,0,0.0,0.0,1.0,0
65,10,0.1,-0.8598,0.089,0.628,0.283,3,6,8,1,3,10.0,0.0,0.0,0,0,3,0.0,30.0,0.0,1
74,11,0.0,0.0,0.0,0.0,1.0,12,3,9,0,1,11.0,0.0,0.0,0,0,0,0.0,0.0,1.0,0
81,10,0.0,-0.5106,0.113,0.361,0.526,14,3,3,0,1,10.0,0.0,0.0,0,0,1,0.0,10.0,0.0,0
46,8,0.2,-0.3182,0.146,0.272,0.583,11,5,1,1,0,8.0,0.0,0.0,0,0,0,0.0,0.0,1.0,0
80,12,0.5,-0.7625,0.0,0.457,0.543,12,5,12,1,1,12.0,0.0,0.0,1,0,0,0.0,0.0,1.0,1
66,12,0.1,0.128,0.252,0.152,0.596,8,6,10,1,0,12.0,0.0,0.0,0,0,1,0.0,8.333333333333332,0.0,0
56,9,0.5,0.2263,0.192,0.0,0.808,15,5,9,1,1,9.0,0.0,0.0,0,0,0,0.0,0.0,1.0,1
87,12,0.5,0.4106,0.297,0.183,0.52,4,5,12,1,3,12.0,0.0,0.0,0,0,0,0.0,0.0,1.0,1
69,9,0.0,-0.5859,0.0,0.407,0.593,10,3,12,0,0,9.0,0.0,0.0,0,0,1,0.0,11.11111111111111,0.0,0
61,10,0.0,0.4404,0.244,0.0,0.756,23,1,11,0,3,10.0,0.0,0.0,0,0,0,0.0,0.0,1.0,0
60,12,0.1,0.25,0.358,0.244,0.398,22,3,4,0,3,12.0,0.0,0.0,0,0,1,0.0,8.333333333333332,0.0,1
81,12,-0.1,0.0,0.175,0.175,0.649,11,5,5,1,0,12.0,0.0,0.0,0,0,0,0.0,0.0,1.0,0
44,7,0.0,0.0,0.0,0.0,1.0,10,3,7,0,0,7.0,0.0,0.0,0,0,0,0.0,0.0,1.0,1
58,9,0.0,0.0,0.0,0.0,1.0,21,0,9,0,2,9.0,0.0,0.0,0,0,0,0.0,0.0,1.0,1
98,14,0.18333333333333335,0.3597,0.344,0.177,0.479,12,6,11,1,1,14.0,0.0,0.0,0,0,0,0.0,0.0,1.0,0
36,6,-0.07083333333333335,0.0762,0.206,0.0,0.794,6,2,8,0,0,6.0,0.0,0.0,0,0,0,0.0,0.0,1.0,1
72,11,0.5,-0.1027,0.191,0.217,0.592,7,0,8,0,0,11.0,0.0,0.0,0,0,0,0.0,0.0,1.0,0
74,12,0.19285714285714284,-0.3167,0.0,0.172,0.828,10,3,4,0,0,12.0,0.0,0.0,0,0,1,0.0,8.333333333333332,0.0,1
38,6,0.0,-0.3089,0.0,0.311,0.689,11,1,5,0,0,6.0,0.0,0.0,0,0,0,0.0,0.0,1.0,1
83,13,0.5,0.3612,0.304,0.173,0.524,15,0,2,0,1,13.0,0.0,0.0,0,0,0,0.0,0.0,1.0,0
53,10,0.0,0.802,0.539,0.0,0.461,15,6,8,1,1,10.0,0.0,0.0,0,1,0,10.0,0.0,1000.0,0
60,9,0.1,-0.7717,0.0,0.489,0.511,19,5,10,1,2,9.0,0.0,0.0,0,0,1,0.0,11.11111111111111,0.0,1
41,7,0.15,0.0,0.0,0.0,1.0,18,0,6,0,2,7.0,0.0,0.0,0,0,0,0.0,0.0,1.0,1
52,10,0.0,-0.6369,0.106,0.331,0.563,19,5,1,1,2,10.0,0.0,0.0,0,0,1,0.0,10.0,0.0,1
63,10,0.5,0.4404,0.244,0.0,0.756,3,2,7,0,3,10.0,0.0,0.0,0,0,0,0.0,0.0,1.0,0
35,7,0.2,0.3612,0.294,0.0,0.706,7,2,10,0,0,7.0,0.0,0.0,0,0,0,0.0,0.0,1.0,1
97,12,0.5,0.5574,0.384,0.0,0.616,3,5,2,1,3,12.0,0.0,0.0,0,0,1,0.0,8.333333333333332,0.0,0
55,9,0.009090909090909066,-0.2023,0.213,0.272,0.515,8,3,5,0,0,9.0,0.0,0.0,0,0,1,0.0,11.11111111111111,0.0,1
53,9,0.0,0.7783,0.554,0.149,0.298,8,3,9,0,0,9.0,0.0,0.0,0,1,0,11.11111111111111,0.0,1000.0,0
99,14,-0.1,-0.4019,0.0,0.172,0.828,4,6,3,1,3,14.0,0.0,0.0,0,0,0,0.0,0.0,1.0,0
59,7,-0.3458333333333333,-0.4404,0.0,0.438,0.562,3,4,8,0,3,7.0,0.0,0.0,0,0,0,0.0,0.0,1.0,1
93,14,0.2878787878787879,0.2023,0.289,0.252,0.459,4,2,11,0,3,14.0,0.0,0.0,0,0,0,0.0,0.0,1.0,0
78,12,0.10416666666666666,0.1779,0.298,0.315,0.387,16,4,1,0,1,12.0,0.0,0.0,0,0,1,0.0,8.333333333333332,0.0,0
44,8,-0.4,0.3412,0.256,0.0,0.744,0,5,4,1,3,8.0,0.0,0.0,0,0,1,0.0,12.5,0.0,1
63,10,0.5,0.0062,0.253,0.169,0.578,16,2,9,0,1,10.0,0.0,0.0,0,0,1,0.0,10.0,0.0,1
101,16,-0.2916666666666667,-0.5719,0.0,0.305,0.695,16,0,2,0,1,16.0,0.0,0.0,0,0,1,0.0,6.25,0.0,0
41,8,-0.1,0.3412,0.256,0.0,0.744,2,1,5,0,3,8.0,0.0,0.0,0,0,1,0.0,12.5,0.0,1
75,10,0.0,-0.2732,0.186,0.331,0.483,13,4,11,0,1,10.0,0.0,0.0,0,0,1,0.0,10.0,0.0,0
80,11,0.3499999999999999,0.69,0.46,0.173,0.367,9,4,8,0,0,11.0,0.0,0.0,1,0,1,0.0,9.090909090909092,0.0,1
94,13,0.125,0.5574,0.359,0.0,0.641,14,4,9,0,1,13.0,0.0,0.0,0,0,1,0.0,7.6923076923076925,0.0,0
97,12,0.5,0.5574,0.384,0.0,0.616,21,1,12,0,2,12.0,0.0,0.0,0,0,1,0.0,8.333333333333332,0.0,0
52,10,0.19999999999999998,0.8593,0.636,0.0,0.364,14,0,9,0,1,10.0,0.0,0.0,0,1,1,10.0,10.0,1.0,1
67,11,-0.03333333333333333,-0.7846,0.164,0.497,0.339,8,2,6,0,0,11.0,0.0,0.0,1,0,3,0.0,27.27272727272727,0.0,1
87,14,-0.03636363636363636,0.6249,0.298,0.0,0.702,19,5,8,1,2,14.0,0.0,0.0,0,1,0,7.142857142857142,0.0,1000.0,0
53,9,-0.15454545454545457,-0.5719,0.0,0.316,0.684,8,4,6,0,0,9.0,0.0,0.0,0,0,1,0.0,11.11111111111111,0.0,1
45,8,0.0,0.5696,0.441,0.11,0.449,20,3,7,0,2,8.0,0.0,0.0,0,0,1,0.0,12.5,0.0,0
54,8,0.0,0.0,0.0,0.0,1.0,2,3,7,0,3,8.0,0.0,0.0,0,0,0,0.0,0.0,1.0,0
81,12,-0.6,0.3948,0.298,0.128,0.575,4,3,2,0,3,12.0,0.0,0.0,0,0,2,0.0,16.666666666666664,0.0,1
76,13,0.028571428571428564,0.1511,0.117,0.0,0.883,1,5,7,1,3,13.0,0.0,0.0,1,0,1,0.0,7.6923076923076925,0.0,1
86,12,0.5,-0.1027,0.179,0.204,0.617,0,4,2,0,3,12.0,0.0,0.0,0,0,0,0.0,0.0,1.0,0
46,8,0.15,0.0,0.0,0.0,1.0,9,0,4,0,0,8.0,0.0,0.0,0,0,0,0.0,0.0,1.0,0
75,13,0.0,-0.1531,0.0,0.118,0.882,14,6,7,1,1,13.0,0.0,0.0,0,0,0,0.0,0.0,1.0,1
61,12,0.0,0.8271,0.543,0.102,0.355,22,0,6,0,3,12.0,0.0,0.0,0,1,0,8.333333333333332,0.0,1000.0,0
64,11,0.5,-0.1561,0.262,0.301,0.437,3,0,8,0,3,11.0,0.0,0.0,0,1,0,9.090909090909092,0.0,1000.0,1
69,10,-0.15,-0.8555,0.091,0.625,0.284,16,2,6,0,1,10.0,0.0,0.0,0,0,1,0.0,10.0,0.0,1
100,15,-0.030555555555555558,-0.7783,0.076,0.448,0.476,0,3,5,0,3,15.0,0.0,0.0,0,0,1,0.0,6.666666666666667,0.0,0
65,10,0.5,0.2263,0.174,0.0,0.826,2,0,4,0,3,10.0,0.0,0.0,0,0,0,0.0,0.0,1.0,0
63,9,0.19999999999999998,0.6808,0.519,0.16,0.321,14,3,9,0,1,9.0,0.0,0.0,0,1,0,11.11111111111111,0.0,1000.0,1
38,7,0.0,0.3612,0.294,0.0,0.706,1,4,7,0,3,7.0,0.0,0.0,0,0,0,0.0,0.0,1.0,1
83,12,0.125,-0.7269,0.078,0.443,0.479,3,4,12,0,3,12.0,0.0,0.0,0,0,1,0.0,8.333333333333332,0.0,1
90,15,-0.27083333333333337,-0.5719,0.0,0.322,0.678,4,1,11,0,3,15.0,0.0,0.0,0,0,1,0.0,6.666666666666667,0.0,0
55,9,0.0,0.128,0.158,0.0,0.842,3,4,12,0,3,9.0,0.0,0.0,0,0,0,0.0,0.0,1.0,0
69,9,0.1,-0.8756,0.093,0.675,0.232,14,0,10,0,1,9.0,0.0,0.0,0,0,2,0.0,22.22222222222222,0.0,1
57,10,0.0,-0.1531,0.0,0.151,0.849,3,0,6,0,3,10.0,0.0,0.0,0,0,0,0.0,0.0,1.0,1
61,10,0.1,-0.7737,0.182,0.522,0.297,9,1,8,0,0,10.0,0.0,0.0,0,0,2,0.0,20.0,0.0,1
36,6,-0.07083333333333335,0.0762,0.206,0.0,0.794,14,6,3,1,1,6.0,0.0,0.0,0,0,0,0.0,0.0,1.0,0
63,10,0.5,0.0062,0.253,0.169,0.578,3,1,7,0,3,10.0,0.0,0.0,0,0,1,0.0,10.0,0.0,1
64,11,0.0,-0.7881,0.0,0.436,0.564,0,3,7,0,3,11.0,0.0,0.0,1,0,1,0.0,9.090909090909092,0.0,1
52,9,0.0,-0.4784,0.0,0.37,0.63,19,5,11,1,2,9.0,0.0,0.0,0,0,0,0.0,0.0,1.0,1
85,12,0.0,-0.296,0.094,0.254,0.652,0,3,11,0,3,12.0,0.0,0.0,0,0,0,0.0,0.0,1.0,1
58,9,0.0,-0.3182,0.133,0.248,0.619,21,3,4,0,2,9.0,0.0,0.0,0,0,0,0.0,0.0,1.0,1
90,15,-0.2916666666666667,-0.2023,0.148,0.291,0.561,5,3,10,0,0,15.0,0.0,0.0,0,0,1,0.0,6.666666666666667,0.0,0
74,10,-0.06250000000000001,-0.6426,0.332,0.529,0.139,5,2,6,0,0,10.0,0.0,0.0,1,0,2,0.0,20.0,0.0,1
51,9,0.2333333333333333,0.872,0.686,0.0,0.314,0,3,9,0,3,9.0,0.0,0.0,0,1,0,11.11111111111111,0.0,1000.0,1
57,10,0.0,-0.2023,0.27,0.324,0.405,3,4,6,0,3,10.0,0.0,0.0,0,0,0,0.0,0.0,1.0,1
52,9,0.5,0.4203,0.382,0.177,0.441,15,1,4,0,1,9.0,0.0,0.0,0,1,0,11.11111111111111,0.0,1000.0,0
83,13,0.5,0.3612,0.304,0.173,0.524,7,2,9,0,0,13.0,0.0,0.0,0,0,0,0.0,0.0,1.0,0
63,11,0.0,-0.0258,0.124,0.132,0.744,3,5,2,1,3,11.0,0.0,0.0,0,0,0,0.0,0.0,1.0,1
69,9,-0.4,-0.3612,0.0,0.238,0.762,8,6,11,1,0,9.0,0.0,0.0,0,0,0,0.0,0.0,1.0,0
52,10,-0.4,0.4416,0.353,0.144,0.503,15,4,6,0,1,10.0,0.0,0.0,0,0,1,0.0,10.0,0.0,0
89,13,0.35,0.7264,0.415,0.0,0.585,23,5,11,1,3,13.0,0.0,0.0,0,0,0,0.0,0.0,1.0,0
56,10,0.0,-0.6908,0.0,0.343,0.657,20,2,1,0,2,10.0,0.0,0.0,0,0,1,0.0,10.0,0.0,1
87,12,-0.19999999999999998,-0.6864,0.212,0.492,0.296,15,1,6,0,1,12.0,0.0,0.0,1,0,1,0.0,8.333333333333332,0.0,1
65,10,0.5,0.2263,0.174,0.0,0.826,17,5,4,1,2,10.0,0.0,0.0,0,0,0,0.0,0.0,1.0,1
80,13,0.5,-0.6492,0.0,0.325,0.675,3,4,4,0,3,13.0,0.0,0.0,0,0,0,0.0,0.0,1.0,1
68,10,0.06666666666666665,-0.8384,0.24,0.603,0.157,4,0,6,0,3,10.0,0.0,0.0,0,0,3,0.0,30.0,0.0,1
85,14,-0.2916666666666667,-0.25,0.147,0.31,0.543,15,0,5,0,1,14.0,0.0,0.0,0,0,1,0.0,7.142857142857142,0.0,0
77,12,0.35,0.6801,0.359,0.0,0.641,9,0,6,0,0,12.0,0.0,0.0,0,0,0,0.0,0.0,1.0,0
89,14,-0.03636363636363636,0.6249,0.298,0.0,0.702,18,6,5,1,2,14.0,0.0,0.0,0,1,0,7.142857142857142,0.0,1000.0,0
79,11,-0.19999999999999998,-0.8555,0.086,0.591,0.323,14,5,2,1,1,11.0,0.0,0.0,0,0,1,0.0,9.090909090909092,0.0,1
60,9,0.10416666666666666,0.2951,0.313,0.0,0.687,18,2,4,0,2,9.0,0.0,0.0,0,0,0,0.0,0.0,1.0,1
43,8,-0.11590909090909093,-0.5719,0.0,0.346,0.654,23,2,9,0,3,8.0,0.0,0.0,0,0,1,0.0,12.5,0.0,1
62,11,-0.15454545454545457,-0.296,0.164,0.243,0.592,23,3,9,0,3,11.0,0.0,0.0,0,0,1,0.0,9.090909090909092,0.0,1
76,13,-0.03636363636363636,0.7906,0.444,0.0,0.556,6,5,1,1,0,13.0,0.0,0.0,0,1,0,7.6923076923076925,0.0,1000.0,0
57,8,0.04999999999999999,0.3612,0.4,0.2,0.4,14,3,9,0,1,8.0,0.0,0.0,0,0,0,0.0,0.0,1.0,1
103,16,-0.25,0.3612,0.143,0.0,0.857,23,4,11,0,3,16.0,0.0,0.0,0,0,0,0.0,0.0,1.0,1
76,13,-0.03636363636363636,0.7906,0.444,0.0,0.556,20,4,5,0,2,13.0,0.0,0.0,0,1,0,7.6923076923076925,0.0,1000.0,0
46,8,0.5,0.1872,0.253,0.184,0.563,11,1,12,0,0,8.0,0.0,0.0,0,0,0,0.0,0.0,1.0,1
56,10,0.1,-0.7902,0.0,0.466,0.534,0,5,7,1,3,10.0,0.0,0.0,0,0,2,0.0,20.0,0.0,1
61,12,0.5,0.936,0.731,0.0,0.269,8,4,1,0,0,12.0,0.0,0.0,0,2,0,16.666666666666664,0.0,1000.0,0
94,14,0.5,-0.1027,0.159,0.181,0.659,8,4,5,0,0,14.0,0.0,0.0,0,0,0,0.0,0.0,1.0,0
46,9,0.1,0.4939,0.471,0.167,0.362,9,6,5,1,0,9.0,0.0,0.0,0,0,1,0.0,11.11111111111111,0.0,0
77,12,-0.15,0.0516,0.24,0.16,0.6,6,6,9,1,0,12.0,0.0,0.0,0,0,0,0.0,0.0,1.0,0
77,13,-0.6,0.5667,0.298,0.0,0.702,22,0,9,0,3,13.0,0.0,0.0,0,0,2,0.0,15.384615384615385,0.0,1
65,10,0.1,-0.8173,0.081,0.546,0.373,23,4,7,0,3,10.0,0.0,0.0,0,0,2,0.0,20.0,0.0,1
64,10,0.1,-0.8173,0.081,0.546,0.373,0,4,7,0,3,10.0,0.0,0.0,0,0,2,0.0,20.0,0.0,1
60,9,0.1,-0.7717,0.0,0.489,0.511,10,6,9,1,0,9.0,0.0,0.0,0,0,1,0.0,11.11111111111111,0.0,1
74,10,0.0,-0.5106,0.113,0.361,0.526,8,0,5,0,0,10.0,0.0,0.0,0,0,1,0.0,10.0,0.0,0
73,13,-0.6,0.6327,0.381,0.0,0.619,6,0,3,0,0,13.0,0.0,0.0,0,0,2,0.0,15.384615384615385,0.0,1
75,10,0.0,-0.2732,0.186,0.331,0.483,18,0,8,0,2,10.0,0.0,0.0,0,0,1,0.0,10.0,0.0,0
68,8,0.5,0.1531,0.38,0.338,0.282,20,3,10,0,2,8.0,0.0,0.0,0,0,1,0.0,12.5,0.0,0
40,8,0.15,0.128,0.238,0.19,0.571,10,1,7,0,0,8.0,0.0,0.0,0,0,0,0.0,0.0,1.0,1
103,16,-0.2916666666666667,-0.5719,0.0,0.305,0.695,4,3,6,0,3,16.0,0.0,0.0,0,0,1,0.0,6.25,0.0,0
76,11,0.06666666666666667,0.6808,0.517,0.138,0.345,6,0,6,0,0,11.0,0.0,0.0,0,0,0,0.0,0.0,1.0,0
84,12,0.0,-0.296,0.094,0.254,0.652,19,3,2,0,2,12.0,0.0,0.0,0,0,0,0.0,0.0,1.0,1
66,12,0.1,0.128,0.252,0.152,0.596,4,2,8,0,3,12.0,0.0,0.0,0,0,1,0.0,8.333333333333332,0.0,1
45,8,0.0,0.5696,0.441,0.11,0.449,17,4,9,0,2,8.0,0.0,0.0,0,0,1,0.0,12.5,0.0,0
103,16,-0.25,0.3612,0.143,0.0,0.857,2,3,2,0,3,16.0,0.0,0.0,0,0,0,0.0,0.0,1.0,1
68,11,0.1,-0.8766,0.07,0.609,0.322,7,5,7,1,0,11.0,0.0,0.0,0,0,3,0.0,27.27272727272727,0.0,1
83,10,-0.19999999999999998,-0.8988,0.084,0.707,0.209,12,0,5,0,1,10.0,0.0,0.0,0,0,1,0.0,10.0,0.0,1
105,14,0.5,0.5574,0.337,0.0,0.663,20,4,7,0,2,14.0,0.0,0.0,0,0,1,0.0,7.142857142857142,0.0,0
81,12,-0.6,0.3948,0.298,0.128,0.575,1,1,9,0,3,12.0,0.0,0.0,0,0,2,0.0,16.666666666666664,0.0,1
105,14,0.5,0.5574,0.337,0.0,0.663,12,4,4,0,1,14.0,0.0,0.0,0,0,1,0.0,7.142857142857142,0.0,0
83,13,-0.2916666666666667,-0.5719,0.0,0.363,0.637,12,3,11,0,1,13.0,0.0,0.0,0,0,1,0.0,7.6923076923076925,0.0,0
72,11,0.5,-0.1027,0.191,0.217,0.592,16,2,3,0,1,11.0,0.0,0.0,0,0,0,0.0,0.0,1.0,0
46,9,0.0,-0.6908,0.0,0.37,0.63,0,6,12,1,3,9.0,0.0,0.0,0,0,1,0.0,11.11111111111111,0.0,1
101,16,-0.2916666666666667,-0.5719,0.0,0.305,0.695,23,6,6,1,3,16.0,0.0,0.0,0,0,1,0.0,6.25,0.0,0
83,13,-0.15,0.4404,0.356,0.136,0.508,8,6,2,1,0,13.0,0.0,0.0,0,0,0,0.0,0.0,1.0,0
82,10,0.5,0.8402,0.688,0.0,0.312,5,6,4,1,0,10.0,0.0,0.0,0,0,1,0.0,10.0,0.0,0
78,13,0.14242424242424243,0.7906,0.444,0.0,0.556,7,3,11,0,0,13.0,0.0,0.0,0,1,0,7.6923076923076925,0.0,1000.0,0
52,9,0.5,0.4203,0.382,0.177,0.441,5,0,1,0,0,9.0,0.0,0.0,0,1,0,11.11111111111111,0.0,1000.0,0
64,11,0.0,-0.7881,0.0,0.436,0.564,8,0,12,0,0,11.0,0.0,0.0,1,0,1,0.0,9.090909090909092,0.0,1
50,8,0.0,0.5574,0.449,0.184,0.368,23,5,8,1,3,8.0,0.0,0.0,0,1,0,12.5,0.0,1000.0,0
69,9,-0.4,-0.3612,0.0,0.238,0.762,10,4,5,0,0,9.0,0.0,0.0,0,0,0,0.0,0.0,1.0,1
105,14,0.5,0.5574,0.337,0.0,0.663,12,4,7,0,1,14.0,0.0,0.0,0,0,1,0.0,7.142857142857142,0.0,0
80,11,0.3499999999999999,0.69,0.46,0.173,0.367,6,5,4,1,0,11.0,0.0,0.0,1,0,1,0.0,9.090909090909092,0.0,1
48,7,-0.2916666666666667,0.0762,0.178,0.0,0.822,20,2,2,0,2,7.0,0.0,0.0,0,0,0,0.0,0.0,1.0,1
70,11,0.04999999999999999,-0.2023,0.229,0.285,0.486,2,6,2,1,3,11.0,0.0,0.0,0,0,1,0.0,9.090909090909092,0.0,1
55,10,0.0,-0.6908,0.0,0.343,0.657,11,6,7,1,0,10.0,0.0,0.0,0,0,1,0.0,10.0,0.0,1
50,10,0.2,0.802,0.539,0.0,0.461,14,3,9,0,1,10.0,0.0,0.0,0,1,0,10.0,0.0,1000.0,0
65,10,0.1,-0.8598,0.089,0.628,0.283,6,3,4,0,0,10.0,0.0,0.0,0,0,3,0.0,30.0,0.0,1
87,12,-0.1,-0.296,0.106,0.19,0.704,0,0,9,0,3,12.0,0.0,0.0,0,0,0,0.0,0.0,1.0,0
89,13,0.35,0.7264,0.415,0.0,0.585,0,6,6,1,3,13.0,0.0,0.0,0,0,0,0.0,0.0,1.0,0
51,9,-0.3,0.5106,0.398,0.15,0.451,22,6,4,1,3,9.0,0.0,0.0,0,0,0,0.0,0.0,1.0,1
61,11,-0.15454545454545457,-0.5719,0.0,0.27,0.73,1,3,6,0,3,11.0,0.0,0.0,0,0,1,0.0,9.090909090909092,0.0,1
92,14,-0.0625,-0.5994,0.0,0.231,0.769,11,3,3,0,0,14.0,0.0,0.0,0,0,1,0.0,7.142857142857142,0.0,1
57,9,-0.3,0.4215,0.259,0.0,0.741,5,6,6,1,0,9.0,0.0,0.0,0,0,0,0.0,0.0,1.0,0
57,8,-0.09090909090909094,-0.6908,0.0,0.487,0.513,20,6,12,1,2,8.0,0.0,0.0,0,0,1,0.0,12.5,0.0,1
85,13,0.5,0.3612,0.304,0.173,0.524,8,6,10,1,0,13.0,0.0,0.0,0,0,0,0.0,0.0,1.0,0
55,10,-0.13272727272727275,-0.4781,0.12,0.278,0.602,0,2,9,0,3,10.0,0.0,0.0,1,0,2,0.0,20.0,0.0,1
35,7,0.2,0.3612,0.294,0.0,0.706,17,0,5,0,2,7.0,0.0,0.0,0,0,0,0.0,0.0,1.0,1
53,9,-0.1878787878787879,-0.7178,0.0,0.461,0.539,17,3,2,0,2,9.0,0.0,0.0,0,0,2,0.0,22.22222222222222,0.0,1
82,10,0.5,0.8402,0.688,0.0,0.312,17,2,12,0,2,10.0,0.0,0.0,0,0,1,0.0,10.0,0.0,0
87,12,0.5,0.4106,0.297,0.183,0.52,21,4,3,0,2,12.0,0.0,0.0,0,0,0,0.0,0.0,1.0,1
82,14,0.2857142857142857,0.0,0.0,0.0,1.0,12,5,10,1,1,14.0,0.0,0.0,0,0,0,0.0,0.0,1.0,1
85,14,-0.6,0.3412,0.26,0.126,0.614,4,6,12,1,3,14.0,0.0,0.0,1,0,2,0.0,14.285714285714285,0.0,1
53,10,0.0,0.802,0.539,0.0,0.461,12,6,7,1,1,10.0,0.0,0.0,0,1,0,10.0,0.0,1000.0,1
65,10,0.5,0.2263,0.174,0.0,0.826,22,2,7,0,3,10.0,0.0,0.0,0,0,0,0.0,0.0,1.0,1
88,14,0.04999999999999999,0.6801,0.318,0.0,0.682,9,0,1,0,0,14.0,0.0,0.0,0,0,0,0.0,0.0,1.0,0
81,12,-0.15999999999999998,-0.832,0.158,0.545,0.297,18,1,5,0,2,12.0,0.0,0.0,1,0,2,0.0,16.666666666666664,0.0,1
94,14,-0.075,-0.3167,0.0,0.15,0.85,2,1,12,0,3,14.0,0.0,0.0,0,0,1,0.0,7.142857142857142,0.0,1
74,11,0.5,0.4404,0.347,0.174,0.479,2,2,2,0,3,11.0,0.0,0.0,0,0,0,0.0,0.0,1.0,1
60,9,0.10416666666666666,0.2951,0.313,0.0,0.687,11,6,11,1,0,9.0,0.0,0.0,0,0,0,0.0,0.0,1.0,0
82,11,0.5,-0.2263,0.185,0.306,0.51,9,3,10,0,0,11.0,0.0,0.0,0,0,1,0.0,9.090909090909092,0.0,0
76,13,-0.10757575757575759,0.6249,0.317,0.0,0.683,15,3,4,0,1,13.0,0.0,0.0,0,1,0,7.6923076923076925,0.0,1000.0,0
64,11,0.5,-0.2982,0.136,0.293,0.571,17,1,1,0,2,11.0,0.0,0.0,0,0,0,0.0,0.0,1.0,0
55,10,-0.13272727272727275,-0.4781,0.12,0.278,0.602,6,2,1,0,0,10.0,0.0,0.0,1,0,2,0.0,20.0,0.0,1
94,14,-0.25,0.0,0.0,0.0,1.0,6,4,2,0,0,14.0,0.0,0.0,0,0,0,0.0,0.0,1.0,1
66,12,0.1,0.128,0.252,0.152,0.596,1,5,3,1,3,12.0,0.0,0.0,0,0,1,0.0,8.333333333333332,0.0,1
45,8,0.5,0.7783,0.609,0.0,0.391,23,5,5,1,3,8.0,0.0,0.0,0,0,0,0.0,0.0,1.0,0
96,14,0.5,-0.1027,0.159,0.181,0.659,19,4,3,0,2,14.0,0.0,0.0,0,0,0,0.0,0.0,1.0,0
87,12,-0.1,-0.296,0.106,0.19,0.704,20,1,4,0,2,12.0,0.0,0.0,0,0,0,0.0,0.0,1.0,0
80,13,0.35,0.8313,0.468,0.0,0.532,17,6,3,1,2,13.0,0.0,0.0,0,0,0,0.0,0.0,1.0,0
54,11,0.2333333333333333,0.6705,0.515,0.135,0.351,17,3,1,0,2,11.0,0.0,0.0,0,0,1,0.0,9.090909090909092,0.0,1
43,7,-0.3,0.4215,0.318,0.0,0.682,1,1,4,0,3,7.0,0.0,0.0,0,0,0,0.0,0.0,1.0,0
61,10,-0.25,0.0,0.0,0.0,1.0,0,0,8,0,3,10.0,0.0,0.0,0,0,0,0.0,0.0,1.0,0
98,15,0.23787878787878788,0.7778,0.405,0.099,0.496,20,0,2,0,2,15.0,0.0,0.0,0,0,0,0.0,0.0,1.0,0
52,9,-0.15454545454545457,-0.5719,0.0,0.316,0.684,16,1,2,0,1,9.0,0.0,0.0,0,0,1,0.0,11.11111111111111,0.0,1
80,11,-0.25,-0.5859,0.0,0.348,0.652,10,6,1,1,0,11.0,0.0,0.0,0,0,1,0.0,9.090909090909092,0.0,0
40,8,0.15,0.128,0.238,0.19,0.571,21,1,9,0,2,8.0,0.0,0.0,0,0,0,0.0,0.0,1.0,0
100,15,-0.030555555555555558,-0.7783,0.076,0.448,0.476,2,0,5,0,3,15.0,0.0,0.0,0,0,1,0.0,6.666666666666667,0.0,0
49,7,0.5,0.6597,0.519,0.0,0.481,6,0,10,0,0,7.0,0.0,0.0,0,0,0,0.0,0.0,1.0,0
40,8,0.5,0.7579,0.6,0.0,0.4,9,4,2,0,0,8.0,0.0,0.0,0,0,0,0.0,0.0,1.0,1
82,13,0.175,0.7264,0.415,0.0,0.585,1,6,3,1,3,13.0,0.0,0.0,0,0,0,0.0,0.0,1.0,0
97,14,-0.1,-0.4019,0.0,0.172,0.828,10,1,9,0,0,14.0,0.0,0.0,0,0,0,0.0,0.0,1.0,0
98,15,0.23787878787878788,0.7778,0.405,0.099,0.496,4,2,5,0,3,15.0,0.0,0.0,0,0,0,0.0,0.0,1.0,0
56,9,0.5,0.2263,0.192,0.0,0.808,8,6,12,1,0,9.0,0.0,0.0,0,0,0,0.0,0.0,1.0,1
70,12,0.0,-0.4404,0.0,0.281,0.719,9,4,6,0,0,12.0,0.0,0.0,0,0,1,0.0,8.333333333333332,0.0,1
93,14,-0.25,0.0,0.0,0.0,1.0,8,4,3,0,0,14.0,0.0,0.0,0,0,0,0.0,0.0,1.0,1
36,6,-0.07083333333333335,0.0762,0.206,0.0,0.794,15,5,10,1,1,6.0,0.0,0.0,0,0,0,0.0,0.0,1.0,1
62,11,0.0,0.802,0.506,0.0,0.494,15,3,7,0,1,11.0,0.0,0.0,0,1,0,9.090909090909092,0.0,1000.0,1
86,14,0.07272727272727272,0.743,0.411,0.106,0.483,19,3,12,0,2,14.0,0.0,0.0,0,1,0,7.142857142857142,0.0,1000.0,0
64,9,0.0,0.5574,0.418,0.171,0.411,17,4,12,0,2,9.0,0.0,0.0,0,1,0,11.11111111111111,0.0,1000.0,0
38,7,-0.4,0.6256,0.505,0.0,0.495,0,1,6,0,3,7.0,0.0,0.0,0,0,1,0.0,14.285714285714285,0.0,0
94,13,0.5,0.7579,0.486,0.0,0.514,0,4,5,0,3,13.0,0.0,0.0,0,0,1,0.0,7.6923076923076925,0.0,0
86,12,0.5,-0.1027,0.179,0.204,0.617,19,2,2,0,2,12.0,0.0,0.0,0,0,0,0.0,0.0,1.0,0
78,12,-0.1,0.128,0.201,0.17,0.629,2,2,7,0,3,12.0,0.0,0.0,0,0,0,0.0,0.0,1.0,0
53,10,0.0,0.802,0.539,0.0,0.461,15,0,7,0,1,10.0,0.0,0.0,0,1,0,10.0,0.0,1000.0,1
80,11,0.0,-0.2263,0.185,0.306,0.51,15,5,4,1,1,11.0,0.0,0.0,0,0,1,0.0,9.090909090909092,0.0,0
49,10,0.1,0.128,0.29,0.176,0.534,14,0,9,0,1,10.0,0.0,0.0,0,0,1,0.0,10.0,0.0,1
72,11,0.5,-0.1027,0.191,0.217,0.592,20,2,1,0,2,11.0,0.0,0.0,0,0,0,0.0,0.0,1.0,0
93,13,0.0,-0.343,0.106,0.323,0.572,23,0,2,0,3,13.0,0.0,0.0,1,0,0,0.0,0.0,1.0,1
94,13,0.5,0.7579,0.486,0.0,0.514,22,2,1,0,3,13.0,0.0,0.0,0,0,1,0.0,7.6923076923076925,0.0,0
89,13,0.35,0.7264,0.415,0.0,0.585,5,2,12,0,0,13.0,0.0,0.0,0,0,0,0.0,0.0,1.0,0
56,10,0.0,-0.6908,0.0,0.343,0.657,4,2,5,0,3,10.0,0.0,0.0,0,0,1,0.0,10.0,0.0,1
75,11,0.19999999999999998,-0.0516,0.352,0.307,0.341,16,2,3,0,1,11.0,0.0,0.0,0,0,1,0.0,9.090909090909092,0.0,1
51,9,0.3499999999999999,-0.7615,0.165,0.487,0.348,18,6,2,1,2,9.0,0.0,0.0,1,0,2,0.0,22.22222222222222,0.0,1
85,14,-0.2916666666666667,-0.25,0.147,0.31,0.543,20,5,5,1,2,14.0,0.0,0.0,0,0,1,0.0,7.142857142857142,0.0,0
63,11,0.0,-0.0258,0.124,0.132,0.744,0,1,7,0,3,11.0,0.0,0.0,0,0,0,0.0,0.0,1.0,1
50,8,0.0,0.5574,0.449,0.184,0.368,6,3,8,0,0,8.0,0.0,0.0,0,1,0,12.5,0.0,1000.0,0
57,8,-0.09090909090909094,-0.6908,0.0,0.487,0.513,5,3,5,0,0,8.0,0.0,0.0,0,0,1,0.0,12.5,0.0,1
61,10,-0.25,0.5574,0.391,0.16,0.449,23,1,9,0,3,10.0,0.0,0.0,0,1,0,10.0,0.0,1000.0,0
41,7,0.15,0.0,0.0,0.0,1.0,9,5,11,1,0,7.0,0.0,0.0,0,0,0,0.0,0.0,1.0,0
87,12,-0.1,-0.296,0.106,0.19,0.704,4,2,12,0,3,12.0,0.0,0.0,0,0,0,0.0,0.0,1.0,0
41,7,0.15,0.0,0.0,0.0,1.0,20,0,4,0,2,7.0,0.0,0.0,0,0,0,0.0,0.0,1.0,0
61,10,-0.25,0.5574,0.391,0.16,0.449,6,0,2,0,0,10.0,0.0,0.0,0,1,0,10.0,0.0,1000.0,0
67,10,0.42499999999999993,-0.7316,0.16,0.504,0.336,2,4,12,0,3,10.0,0.0,0.0,1,0,1,0.0,10.0,0.0,1
78,12,0.5,0.3182,0.313,0.184,0.503,22,6,11,1,3,12.0,0.0,0.0,0,0,0,0.0,0.0,1.0,0
76,13,-0.03636363636363636,0.7906,0.444,0.0,0.556,16,0,9,0,1,13.0,0.0,0.0,0,1,0,7.6923076923076925,0.0,1000.0,0
91,14,-0.2916666666666667,-0.4939,0.087,0.331,0.581,17,3,11,0,2,14.0,0.0,0.0,0,0,1,0.0,7.142857142857142,0.0,0
40,8,0.3833333333333333,0.4203,0.413,0.191,0.397,8,1,4,0,0,8.0,0.0,0.0,0,1,0,12.5,0.0,1000.0,0
45,8,0.0,0.5696,0.441,0.11,0.449,14,0,5,0,1,8.0,0.0,0.0,0,0,1,0.0,12.5,0.0,1
103,16,-0.25,0.3612,0.143,0.0,0.857,7,0,7,0,0,16.0,0.0,0.0,0,0,0,0.0,0.0,1.0,1
45,8,0.5,0.7783,0.609,0.0,0.391,6,3,5,0,0,8.0,0.0,0.0,0,0,0,0.0,0.0,1.0,0
78,13,0.14242424242424243,0.7906,0.444,0.0,0.556,20,4,10,0,2,13.0,0.0,0.0,0,1,0,7.6923076923076925,0.0,1000.0,0
58,9,0.0,0.0,0.0,0.0,1.0,23,3,1,0,3,9.0,0.0,0.0,0,0,0,0.0,0.0,1.0,0
99,14,-0.1,-0.4019,0.0,0.172,0.828,2,0,3,0,3,14.0,0.0,0.0,0,0,0,0.0,0.0,1.0,0
68,8,0.5,0.1531,0.38,0.338,0.282,7,6,4,1,0,8.0,0.0,0.0,0,0,1,0.0,12.5,0.0,0
43,7,-0.3,0.4215,0.318,0.0,0.682,10,4,3,0,0,7.0,0.0,0.0,0,0,0,0.0,0.0,1.0,1
87,13,-0.1,-0.1551,0.188,0.227,0.585,2,3,11,0,3,13.0,0.0,0.0,1,0,1,0.0,7.6923076923076925,0.0,1
101,15,0.35,0.6801,0.301,0.0,0.699,12,1,1,0,1,15.0,0.0,0.0,0,0,0,0.0,0.0,1.0,0
66,11,0.0,-0.1531,0.0,0.138,0.862,0,6,6,1,3,11.0,0.0,0.0,0,0,0,0.0,0.0,1.0,1
52,10,0.0,-0.6369,0.106,0.331,0.563,5,5,10,1,0,10.0,0.0,0.0,0,0,1,0.0,10.0,0.0,1
67,11,0.1,-0.4391,0.0,0.302,0.698,0,3,9,0,3,11.0,0.0,0.0,0,0,1,0.0,9.090909090909092,0.0,1
69,9,0.0,-0.5859,0.0,0.407,0.593,15,0,11,0,1,9.0,0.0,0.0,0,0,1,0.0,11.11111111111111,0.0,0
83,13,-0.2916666666666667,-0.5719,0.0,0.363,0.637,3,6,12,1,3,13.0,0.0,0.0,0,0,1,0.0,7.6923076923076925,0.0,0
61,11,-0.15454545454545457,-0.5719,0.0,0.27,0.73,12,6,6,1,1,11.0,0.0,0.0,0,0,1,0.0,9.090909090909092,0.0,1
73,9,0.0,-0.5859,0.0,0.407,0.593,19,5,11,1,2,9.0,0.0,0.0,0,0,1,0.0,11.11111111111111,0.0,0
62,8,-0.4,-0.0813,0.216,0.334,0.449,4,6,8,1,3,8.0,0.0,0.0,0,0,1,0.0,12.5,0.0,0
101,16,-0.2916666666666667,-0.5719,0.0,0.305,0.695,22,3,7,0,3,16.0,0.0,0.0,0,0,1,0.0,6.25,0.0,0
70,12,-0.024242424242424242,0.6808,0.423,0.0,0.577,12,5,2,1,1,12.0,0.0,0.0,0,1,0,8.333333333333332,0.0,1000.0,0
77,12,-0.03636363636363636,0.6808,0.423,0.0,0.577,12,3,1,0,1,12.0,0.0,0.0,0,1,0,8.333333333333332,0.0,1000.0,0
77,12,-0.15,0.0516,0.24,0.16,0.6,22,2,7,0,3,12.0,0.0,0.0,0,0,0,0.0,0.0,1.0,0
93,14,0.0,-0.0402,0.108,0.182,0.71,17,6,8,1,2,14.0,0.0,0.0,0,0,0,0.0,0.0,1.0,1
40,7,-0.04999999999999999,0.4215,0.318,0.0,0.682,6,3,8,0,0,7.0,0.0,0.0,0,0,0,0.0,0.0,1.0,0
97,14,-0.05000000000000001,-0.0516,0.196,0.149,0.655,12,3,3,0,1,14.0,0.0,0.0,0,0,1,0.0,7.142857142857142,0.0,1
77,12,-0.03636363636363636,0.6808,0.423,0.0,0.577,6,5,12,1,0,12.0,0.0,0.0,0,1,0,8.333333333333332,0.0,1000.0,0
77,13,-0.25,0.3337,0.275,0.135,0.59,15,5,1,1,1,13.0,0.0,0.0,0,0,3,0.0,23.076923076923077,0.0,1
50,10,0.2,0.802,0.539,0.0,0.461,19,5,4,1,2,10.0,0.0,0.0,0,1,0,10.0,0.0,1000.0,1
59,11,0.1,0.3987,0.395,0.224,0.381,13,3,8,0,1,11.0,0.0,0.0,0,0,2,0.0,18.181818181818183,0.0,1
46,9,0.04999999999999999,0.7511,0.552,0.0,0.448,22,1,9,0,3,9.0,0.0,0.0,0,0,1,0.0,11.11111111111111,0.0,0
72,12,0.20535714285714285,-0.5994,0.0,0.262,0.738,8,1,3,0,0,12.0,0.0,0.0,0,0,1,0.0,8.333333333333332,0.0,1
71,11,0.18181818181818182,0.7003,0.47,0.233,0.297,0,0,3,0,3,11.0,0.0,0.0,0,1,0,9.090909090909092,0.0,1000.0,0
93,14,-0.2916666666666667,-0.5719,0.0,0.341,0.659,3,4,3,0,3,14.0,0.0,0.0,0,0,1,0.0,7.142857142857142,0.0,0
88,13,0.0,-0.5423,0.081,0.36,0.559,18,6,12,1,2,13.0,0.0,0.0,0,0,1,0.0,7.6923076923076925,0.0,1
100,16,0.023989898989898988,-0.3612,0.152,0.354,0.493,23,2,3,0,3,16.0,0.0,0.0,0,0,1,0.0,6.25,0.0,0
82,14,-0.2916666666666667,-0.128,0.169,0.302,0.529,9,2,6,0,0,14.0,0.0,0.0,0,0,1,0.0,7.142857142857142,0.0,0
100,16,0.023989898989898988,-0.3612,0.152,0.354,0.493,11,1,1,0,0,16.0,0.0,0.0,0,0,1,0.0,6.25,0.0,0
88,12,0.04999999999999999,-0.34,0.277,0.361,0.361,3,1,2,0,3,12.0,0.0,0.0,0,0,1,0.0,8.333333333333332,0.0,1
89,13,0.35,0.7264,0.415,0.0,0.585,1,5,6,1,3,13.0,0.0,0.0,0,0,0,0.0,0.0,1.0,0
79,12,-0.03636363636363636,0.6249,0.338,0.0,0.662,5,4,6,0,0,12.0,0.0,0.0,0,1,0,8.333333333333332,0.0,1000.0,0
49,8,0.0,-0.3182,0.146,0.272,0.583,18,2,10,0,2,8.0,0.0,0.0,0,0,0,0.0,0.0,1.0,1
56,9,0.0,-0.0299,0.302,0.311,0.387,17,1,6,0,2,9.0,0.0,0.0,0,0,1,0.0,11.11111111111111,0.0,1
55,9,0.0,0.6249,0.503,0.166,0.331,6,5,5,1,0,9.0,0.0,0.0,0,1,0,11.11111111111111,0.0,1000.0,0
76,11,0.5,-0.1027,0.191,0.217,0.592,11,0,8,0,0,11.0,0.0,0.0,0,0,0,0.0,0.0,1.0,0
41,7,0.15,0.0,0.0,0.0,1.0,7,3,10,0,0,7.0,0.0,0.0,0,0,0,0.0,0.0,1.0,1
90,14,0.06666666666666667,0.4767,0.344,0.127,0.529,15,0,8,0,1,14.0,0.0,0.0,0,0,0,0.0,0.0,1.0,0
81,12,0.35,0.6801,0.359,0.0,0.641,15,1,8,0,1,12.0,0.0,0.0,0,0,0,0.0,0.0,1.0,0
78,11,-0.19999999999999998,-0.8555,0.086,0.591,0.323,22,0,4,0,3,11.0,0.0,0.0,0,0,1,0.0,9.090909090909092,0.0,1
86,12,0.5,0.7783,0.524,0.0,0.476,10,5,5,1,0,12.0,0.0,0.0,0,0,1,0.0,8.333333333333332,0.0,0
88,14,0.35,0.8173,0.436,0.0,0.564,22,0,2,0,3,14.0,0.0,0.0,0,0,0,0.0,0.0,1.0,0
42,7,-0.2916666666666667,0.2732,0.281,0.157,0.562,9,6,7,1,0,7.0,0.0,0.0,0,0,0,0.0,0.0,1.0,0
88,13,-0.19999999999999998,-0.2259,0.316,0.358,0.326,21,5,7,1,2,13.0,0.0,0.0,0,0,1,0.0,7.6923076923076925,0.0,1
71,11,0.5,0.0,0.196,0.196,0.608,1,3,2,0,3,11.0,0.0,0.0,0,0,0,0.0,0.0,1.0,1
74,12,0.1,-0.0642,0.285,0.35,0.365,18,1,6,0,2,12.0,0.0,0.0,0,0,2,0.0,16.666666666666664,0.0,1
39,7,0.15,0.2924,0.279,0.142,0.58,21,0,12,0,2,7.0,0.0,0.0,0,0,1,0.0,14.285714285714285,0.0,1
86,14,0.07272727272727272,0.743,0.411,0.106,0.483,10,1,1,0,0,14.0,0.0,0.0,0,1,0,7.142857142857142,0.0,1000.0,0
26,5,0.15,-0.3089,0.0,0.361,0.639,7,5,8,1,0,5.0,0.0,0.0,0,0,0,0.0,0.0,1.0,1
57,10,0.5,0.7003,0.552,0.161,0.287,20,4,6,0,2,10.0,0.0,0.0,0,1,0,10.0,0.0,1000.0,1
76,13,0.028571428571428564,0.1511,0.117,0.0,0.883,16,2,4,0,1,13.0,0.0,0.0,1,0,1,0.0,7.6923076923076925,0.0,1
78,12,-0.1,0.128,0.201,0.17,0.629,23,2,10,0,3,12.0,0.0,0.0,0,0,0,0.0,0.0,1.0,0
77,12,-0.15,0.0516,0.24,0.16,0.6,22,4,10,0,3,12.0,0.0,0.0,0,0,0,0.0,0.0,1.0,0
83,14,0.2857142857142857,0.3612,0.161,0.0,0.839,20,2,12,0,2,14.0,0.0,0.0,0,0,0,0.0,0.0,1.0,1
78,12,-0.1,0.128,0.201,0.17,0.629,6,1,4,0,0,12.0,0.0,0.0,0,0,0,0.0,0.0,1.0,0
97,14,-0.05000000000000001,-0.0516,0.196,0.149,0.655,18,5,1,1,2,14.0,0.0,0.0,0,0,1,0.0,7.142857142857142,0.0,1
72,11,0.3,-0.3167,0.18,0.323,0.497,18,5,4,1,2,11.0,0.0,0.0,0,0,1,0.0,9.090909090909092,0.0,1
49,10,0.1,0.128,0.29,0.176,0.534,22,3,4,0,3,10.0,0.0,0.0,0,0,1,0.0,10.0,0.0,0
50,8,-0.3,0.6103,0.456,0.107,0.438,5,6,3,1,0,8.0,0.0,0.0,0,0,1,0.0,12.5,0.0,1
61,10,0.0,0.7579,0.514,0.143,0.343,4,5,2,1,3,10.0,0.0,0.0,0,1,0,10.0,0.0,1000.0,0
61,11,0.1,0.128,0.27,0.163,0.567,20,6,2,1,2,11.0,0.0,0.0,0,0,1,0.0,9.090909090909092,0.0,0
86,13,0.03181818181818182,0.25,0.345,0.191,0.464,12,1,7,0,1,13.0,0.0,0.0,0,1,0,7.6923076923076925,0.0,1000.0,0
54,8,0.0,0.5574,0.449,0.184,0.368,5,5,4,1,0,8.0,0.0,0.0,0,1,0,12.5,0.0,1000.0,0
82,13,-0.09999999999999999,0.1779,0.309,0.145,0.545,9,1,2,0,0,13.0,0.0,0.0,0,0,0,0.0,0.0,1.0,0
104,14,0.2878787878787879,0.7003,0.446,0.109,0.446,16,4,5,0,1,14.0,0.0,0.0,0,0,1,0.0,7.142857142857142,0.0,0
86,12,0.5,-0.1027,0.179,0.204,0.617,11,1,7,0,0,12.0,0.0,0.0,0,0,0,0.0,0.0,1.0,0
86,15,-0.6,0.7322,0.374,0.0,0.626,7,3,9,0,0,15.0,0.0,0.0,0,0,2,0.0,13.333333333333334,0.0,1
69,11,0.5,0.5178,0.326,0.0,0.674,22,5,10,1,3,11.0,0.0,0.0,0,0,0,0.0,0.0,1.0,1
92,14,-0.0625,-0.5994,0.0,0.231,0.769,5,0,4,0,0,14.0,0.0,0.0,0,0,1,0.0,7.142857142857142,0.0,1
86,14,0.07272727272727272,0.743,0.411,0.106,0.483,1,1,12,0,3,14.0,0.0,0.0,0,1,0,7.142857142857142,0.0,1000.0,0
80,13,0.5,-0.6492,0.0,0.325,0.675,10,0,9,0,0,13.0,0.0,0.0,0,0,0,0.0,0.0,1.0,1
93,14,0.2878787878787879,0.2023,0.289,0.252,0.459,12,1,8,0,1,14.0,0.0,0.0,0,0,0,0.0,0.0,1.0,0
81,12,-0.6,0.3948,0.298,0.128,0.575,14,1,4,0,1,12.0,0.0,0.0,0,0,2,0.0,16.666666666666664,0.0,1
92,14,-0.0625,-0.5994,0.0,0.231,0.769,17,3,9,0,2,14.0,0.0,0.0,0,0,1,0.0,7.142857142857142,0.0,1
57,10,0.0,-0.1531,0.0,0.151,0.849,22,2,1,0,3,10.0,0.0,0.0,0,0,0,0.0,0.0,1.0,1
61,10,-0.25,0.5574,0.391,0.16,0.449,3,4,8,0,3,10.0,0.0,0.0,0,1,0,10.0,0.0,1000.0,0
64,9,0.0,0.5574,0.418,0.171,0.411,0,5,3,1,3,9.0,0.0,0.0,0,1,0,11.11111111111111,0.0,1000.0,0
50,8,0.0,0.5574,0.449,0.184,0.368,10,5,9,1,0,8.0,0.0,0.0,0,1,0,12.5,0.0,1000.0,0
68,11,0.5,0.128,0.288,0.19,0.523,22,3,5,0,3,11.0,0.0,0.0,0,0,0,0.0,0.0,1.0,1
67,10,0.3,0.4543,0.44,0.266,0.294,15,5,9,1,1,10.0,0.0,0.0,0,0,2,0.0,20.0,0.0,1
78,12,0.5,0.3182,0.313,0.184,0.503,22,1,4,0,3,12.0,0.0,0.0,0,0,0,0.0,0.0,1.0,0
45,8,0.0,0.5696,0.441,0.11,0.449,9,2,7,0,0,8.0,0.0,0.0,0,0,1,0.0,12.5,0.0,0
58,10,-0.4,0.3412,0.211,0.0,0.789,4,3,1,0,3,10.0,0.0,0.0,0,0,1,0.0,10.0,0.0,1
86,12,0.5,0.7783,0.524,0.0,0.476,21,4,5,0,2,12.0,0.0,0.0,0,0,1,0.0,8.333333333333332,0.0,0
77,12,0.35,0.6801,0.359,0.0,0.641,15,6,10,1,1,12.0,0.0,0.0,0,0,0,0.0,0.0,1.0,0
75,11,-0.1,-0.4019,0.0,0.213,0.787,13,0,9,0,1,11.0,0.0,0.0,0,0,0,0.0,0.0,1.0,0
60,9,0.10416666666666666,0.2951,0.313,0.0,0.687,2,5,8,1,3,9.0,0.0,0.0,0,0,0,0.0,0.0,1.0,0
80,13,-0.15,0.5267,0.374,0.132,0.495,4,6,9,1,3,13.0,0.0,0.0,0,0,0,0.0,0.0,1.0,0
89,13,-0.15,0.1779,0.309,0.145,0.545,18,2,5,0,2,13.0,0.0,0.0,0,0,0,0.0,0.0,1.0,0
94,14,0.0,0.3278,0.245,0.166,0.589,11,2,1,0,0,14.0,0.0,0.0,0,0,0,0.0,0.0,1.0,1
71,11,0.5,0.0,0.196,0.196,0.608,8,6,9,1,0,11.0,0.0,0.0,0,0,0,0.0,0.0,1.0,1
52,10,0.19999999999999998,0.8593,0.636,0.0,0.364,7,1,1,0,0,10.0,0.0,0.0,0,1,1,10.0,10.0,1.0,0
104,14,0.2878787878787879,0.7003,0.446,0.109,0.446,17,6,9,1,2,14.0,0.0,0.0,0,0,1,0.0,7.142857142857142,0.0,0
76,13,-0.10757575757575759,0.6249,0.317,0.0,0.683,1,6,9,1,3,13.0,0.0,0.0,0,1,0,7.6923076923076925,0.0,1000.0,0
87,12,-0.19999999999999998,-0.6864,0.212,0.492,0.296,11,3,12,0,0,12.0,0.0,0.0,1,0,1,0.0,8.333333333333332,0.0,1
93,13,0.2333333333333333,-0.5423,0.22,0.341,0.439,15,4,12,0,1,13.0,0.0,0.0,0,0,0,0.0,0.0,1.0,0
83,11,0.5,0.5574,0.412,0.0,0.588,3,3,3,0,3,11.0,0.0,0.0,0,0,1,0.0,9.090909090909092,0.0,0
54,8,0.0,0.0,0.0,0.0,1.0,0,4,6,0,3,8.0,0.0,0.0,0,0,0,0.0,0.0,1.0,0
56,9,0.0,0.743,0.54,0.153,0.307,1,1,8,0,3,9.0,0.0,0.0,0,1,0,11.11111111111111,0.0,1000.0,0
87,14,-0.03636363636363636,0.6249,0.298,0.0,0.702,14,6,5,1,1,14.0,0.0,0.0,0,1,0,7.142857142857142,0.0,1000.0,0
75,11,0.0,-0.4063,0.0,0.371,0.629,18,1,1,0,2,11.0,0.0,0.0,0,0,0,0.0,0.0,1.0,1
53,9,-0.15454545454545457,-0.5719,0.0,0.316,0.684,6,3,6,0,0,9.0,0.0,0.0,0,0,1,0.0,11.11111111111111,0.0,1
72,11,0.0,0.0,0.0,0.0,1.0,8,6,5,1,0,11.0,0.0,0.0,0,0,0,0.0,0.0,1.0,0
87,12,0.5,0.4106,0.297,0.183,0.52,17,4,4,0,2,12.0,0.0,0.0,0,0,0,0.0,0.0,1.0,1
77,12,0.12857142857142856,-0.0516,0.223,0.169,0.608,22,2,4,0,3,12.0,0.0,0.0,0,0,1,0.0,8.333333333333332,0.0,1
99,14,-0.1,-0.4019,0.0,0.172,0.828,6,4,10,0,0,14.0,0.0,0.0,0,0,0,0.0,0.0,1.0,0
32,6,0.15,0.0,0.0,0.0,1.0,21,6,4,1,2,6.0,0.0,0.0,0,0,0,0.0,0.0,1.0,0
37,6,-0.3,0.6705,0.579,0.0,0.421,1,4,5,0,3,6.0,0.0,0.0,0,0,0,0.0,0.0,1.0,0
58,10,0.5,0.3895,0.339,0.145,0.516,17,6,3,1,2,10.0,0.0,0.0,0,0,0,0.0,0.0,1.0,1
80,12,-0.06666666666666667,-0.296,0.106,0.19,0.704,18,5,12,1,2,12.0,0.0,0.0,0,0,0,0.0,0.0,1.0,0
29,6,0.175,0.0,0.0,0.0,1.0,5,2,11,0,0,6.0,0.0,0.0,0,0,0,0.0,0.0,1.0,1
55,11,0.5,0.9042,0.688,0.0,0.312,20,5,10,1,2,11.0,0.0,0.0,0,1,0,9.090909090909092,0.0,1000.0,0
50,8,0.5,-0.092,0.187,0.222,0.591,21,3,7,0,2,8.0,0.0,0.0,0,0,0,0.0,0.0,1.0,0
70,12,-0.024242424242424242,0.6808,0.423,0.0,0.577,19,0,10,0,2,12.0,0.0,0.0,0,1,0,8.333333333333332,0.0,1000.0,0
61,12,0.0,0.8271,0.543,0.102,0.355,22,5,2,1,3,12.0,0.0,0.0,0,1,0,8.333333333333332,0.0,1000.0,0
87,14,-0.03636363636363636,0.6249,0.298,0.0,0.702,1,1,6,0,3,14.0,0.0,0.0,0,1,0,7.142857142857142,0.0,1000.0,0
79,11,-0.19999999999999998,-0.8555,0.086,0.591,0.323,8,2,9,0,0,11.0,0.0,0.0,0,0,1,0.0,9.090909090909092,0.0,1
53,9,0.35,0.2263,0.192,0.0,0.808,18,5,7,1,2,9.0,0.0,0.0,0,0,0,0.0,0.0,1.0,0
26,5,0.15,-0.3089,0.0,0.361,0.639,19,2,11,0,2,5.0,0.0,0.0,0,0,0,0.0,0.0,1.0,1
85,14,-0.6,0.3412,0.26,0.126,0.614,5,2,10,0,0,14.0,0.0,0.0,1,0,2,0.0,14.285714285714285,0.0,1
69,12,-0.1,-0.0021,0.121,0.121,0.758,14,0,5,0,1,12.0,0.0,0.0,1,0,1,0.0,8.333333333333332,0.0,1
94,14,0.5,-0.1027,0.159,0.181,0.659,16,1,11,0,1,14.0,0.0,0.0,0,0,0,0.0,0.0,1.0,0
52,9,-0.15454545454545457,-0.5719,0.0,0.316,0.684,20,5,5,1,2,9.0,0.0,0.0,0,0,1,0.0,11.11111111111111,0.0,1
85,13,0.5,0.3612,0.304,0.173,0.524,11,5,10,1,0,13.0,0.0,0.0,0,0,0,0.0,0.0,1.0,0
45,8,0.0,0.5696,0.441,0.11,0.449,2,2,4,0,3,8.0,0.0,0.0,0,0,1,0.0,12.5,0.0,0
87,12,-0.19999999999999998,-0.6864,0.212,0.492,0.296,11,4,4,0,0,12.0,0.0,0.0,1,0,1,0.0,8.333333333333332,0.0,1
90,12,0.18181818181818182,-0.3818,0.185,0.38,0.435,20,4,2,0,2,12.0,0.0,0.0,0,0,1,0.0,8.333333333333332,0.0,0
76,12,0.39285714285714285,0.4404,0.209,0.0,0.791,1,6,12,1,3,12.0,0.0,0.0,0,0,0,0.0,0.0,1.0,1
57,8,-0.09090909090909094,-0.6908,0.0,0.487,0.513,21,5,7,1,2,8.0,0.0,0.0,0,0,1,0.0,12.5,0.0,1
88,13,0.09999999999999999,0.0516,0.175,0.163,0.663,0,6,11,1,3,13.0,0.0,0.0,0,0,0,0.0,0.0,1.0,0
81,12,0.35,0.6801,0.359,0.0,0.641,5,5,1,1,0,12.0,0.0,0.0,0,0,0,0.0,0.0,1.0,0
65,11,0.125,-0.6705,0.0,0.379,0.621,3,6,3,1,3,11.0,0.0,0.0,0,0,1,0.0,9.090909090909092,0.0,1
81,10,0.0,-0.5106,0.113,0.361,0.526,3,2,4,0,3,10.0,0.0,0.0,0,0,1,0.0,10.0,0.0,0
99,15,-0.15,0.0516,0.2,0.133,0.667,10,5,1,1,0,15.0,0.0,0.0,0,0,0,0.0,0.0,1.0,0
52,10,-0.4,0.4416,0.353,0.144,0.503,9,4,10,0,0,10.0,0.0,0.0,0,0,1,0.0,10.0,0.0,1
71,11,0.18181818181818182,0.7003,0.47,0.233,0.297,16,0,9,0,1,11.0,0.0,0.0,0,1,0,9.090909090909092,0.0,1000.0,0
64,10,0.14242424242424243,0.8591,0.636,0.0,0.364,10,0,10,0,0,10.0,0.0,0.0,0,1,0,10.0,0.0,1000.0,0
86,13,-0.1,0.0516,0.175,0.163,0.663,7,3,5,0,0,13.0,0.0,0.0,0,0,0,0.0,0.0,1.0,0
72,11,0.0,0.0,0.0,0.0,1.0,4,5,6,1,3,11.0,0.0,0.0,0,0,0,0.0,0.0,1.0,0
63,10,0.1125,-0.908,0.068,0.668,0.263,0,5,4,1,3,10.0,0.0,0.0,0,0,3,0.0,30.0,0.0,1
68,11,0.1,-0.8766,0.07,0.609,0.322,3,5,5,1,3,11.0,0.0,0.0,0,0,3,0.0,27.27272727272727,0.0,1
89,12,0.5,0.743,0.509,0.0,0.491,13,1,5,0,1,12.0,0.0,0.0,0,0,1,0.0,8.333333333333332,0.0,0
91,14,-0.2916666666666667,-0.4939,0.087,0.331,0.581,13,1,5,0,1,14.0,0.0,0.0,0,0,1,0.0,7.142857142857142,0.0,0
75,12,0.5,0.4215,0.332,0.179,0.489,7,5,3,1,0,12.0,0.0,0.0,0,0,0,0.0,0.0,1.0,0
98,13,-0.075,-0.25,0.0,0.143,0.857,7,4,12,0,0,13.0,0.0,0.0,0,0,0,0.0,0.0,1.0,1
53,9,0.0,0.4939,0.286,0.0,0.714,2,1,1,0,3,9.0,0.0,0.0,0,0,0,0.0,0.0,1.0,0
55,10,0.0,-0.6908,0.0,0.343,0.657,8,5,2,1,0,10.0,0.0,0.0,0,0,1,0.0,10.0,0.0,1
61,10,-0.25,0.5574,0.391,0.16,0.449,2,4,7,0,3,10.0,0.0,0.0,0,1,0,10.0,0.0,1000.0,0
54,8,0.0,0.5574,0.449,0.184,0.368,16,6,10,1,1,8.0,0.0,0.0,0,1,0,12.5,0.0,1000.0,0
90,15,-0.27083333333333337,-0.5719,0.0,0.322,0.678,18,1,3,0,2,15.0,0.0,0.0,0,0,1,0.0,6.666666666666667,0.0,0
99,14,-0.1,-0.4019,0.0,0.172,0.828,9,0,8,0,0,14.0,0.0,0.0,0,0,0,0.0,0.0,1.0,0
52,9,0.0,0.3612,0.238,0.0,0.762,8,5,7,1,0,9.0,0.0,0.0,0,0,0,0.0,0.0,1.0,1
60,12,0.3,0.8225,0.589,0.114,0.297,0,6,3,1,3,12.0,0.0,0.0,0,1,1,8.333333333333332,8.333333333333332,1.0,0
81,13,0.5,-0.4226,0.14,0.298,0.562,18,1,9,0,2,13.0,0.0,0.0,0,0,0,0.0,0.0,1.0,1
88,14,-0.18333333333333335,0.0516,0.212,0.141,0.647,18,6,11,1,2,14.0,0.0,0.0,0,0,0,0.0,0.0,1.0,0
74,10,0.09999999999999999,0.4019,0.358,0.179,0.464,0,3,7,0,3,10.0,0.0,0.0,0,0,0,0.0,0.0,1.0,0
